,student_id,age,gender,study_hours_per_day,social_media_hours,netflix_hours,part_time_job,attendance_percentage,sleep_hours,diet_quality,exercise_frequency,parental_education_level,internet_quality,mental_health_rating,extracurricular_participation,exam_score,Age_Group
0,S1000,0.8571428571428572,Female,0.0,1.2,1.1,No,85.0,8.0,Fair,6,Master,Average,8,Yes,0.40650406504065045,"(20, 25]"
1,S1001,0.4285714285714284,Female,6.9,2.8,2.3,No,97.3,4.6,Good,6,High School,Average,8,No,1.0,"(15, 20]"
2,S1002,0.5714285714285716,Male,1.4,3.1,1.3,No,94.8,8.0,Poor,1,High School,Poor,1,No,0.1097560975609756,"(20, 25]"
3,S1003,0.8571428571428572,Female,1.0,3.9,1.0,No,71.0,9.2,Poor,4,Master,Good,1,Yes,0.008130081300813052,"(20, 25]"
4,S1004,0.2857142857142856,Female,5.0,4.4,0.5,No,90.9,4.9,Fair,3,Master,Good,1,No,0.5447154471544717,"(15, 20]"
5,S1005,1.0,Male,7.2,1.3,0.0,No,82.9,7.4,Fair,1,Master,Average,4,No,1.0,"(20, 25]"
6,S1006,0.5714285714285716,Female,5.6,1.5,1.4,Yes,85.8,6.5,Good,2,Master,Poor,4,No,0.8617886178861789,"(20, 25]"
7,S1007,0.5714285714285716,Female,4.3,1.0,2.0,Yes,77.7,4.6,Fair,0,Bachelor,Average,8,No,0.6287262872628727,"(20, 25]"
8,S1008,0.8571428571428572,Female,4.4,2.2,1.7,No,100.0,7.1,Good,3,Bachelor,Good,1,No,0.7140921409214094,"(20, 25]"
9,S1009,0.1428571428571428,Female,4.8,3.1,1.3,No,95.4,7.5,Good,5,Bachelor,Good,10,Yes,1.0,"(15, 20]"
10,S1010,0.2857142857142856,Female,4.6,3.7,0.8,No,77.6,5.8,Fair,1,,Good,3,No,0.5027100271002711,"(15, 20]"
11,S1011,0.8571428571428572,Male,3.9,2.4,2.5,No,71.7,7.9,Fair,2,Bachelor,Average,1,No,0.6531165311653118,"(20, 25]"
12,S1012,0.2857142857142856,Female,3.7,2.1,0.4,Yes,81.1,4.5,Fair,1,Bachelor,Good,9,No,0.6869918699186992,"(15, 20]"
13,S1013,0.2857142857142856,Female,3.4,2.7,2.7,No,89.3,4.7,Fair,4,Bachelor,Good,10,No,0.6720867208672086,"(15, 20]"
14,S1014,1.0,Male,2.4,1.5,0.7,No,87.4,6.7,Poor,6,Bachelor,Average,9,No,0.7140921409214094,"(20, 25]"
15,S1015,0.5714285714285716,Male,3.1,5.0,1.0,No,97.5,6.5,Good,6,High School,Average,7,No,0.6476964769647697,"(20, 25]"
16,S1016,0.4285714285714284,Male,1.0,0.6,0.2,No,92.9,5.6,Poor,3,High School,Poor,8,Yes,0.3929539295392955,"(15, 20]"
17,S1017,1.0,Female,3.4,2.7,1.2,No,94.7,7.5,Poor,0,High School,Average,1,Yes,0.6043360433604337,"(20, 25]"
18,S1018,1.0,Other,2.0,4.9,2.9,Yes,88.3,7.1,Good,2,High School,Good,5,No,0.23983739837398382,"(20, 25]"
19,S1019,0.2857142857142856,Male,1.8,2.5,2.4,No,71.1,7.5,Fair,1,High School,Average,2,No,0.2588075880758807,"(15, 20]"
20,S1020,0.7142857142857144,Female,3.8,2.3,2.9,No,83.0,6.4,Good,3,Master,Good,1,No,0.437669376693767,"(20, 25]"
21,S1021,0.5714285714285716,Male,5.6,2.1,2.4,No,95.6,7.2,Fair,1,High School,Good,3,No,0.7628726287262872,"(20, 25]"
22,S1022,0.1428571428571428,Other,4.9,2.3,0.6,No,84.5,6.0,Fair,3,High School,Average,7,No,0.9823848238482387,"(15, 20]"
23,S1023,1.0,Female,1.1,4.1,1.4,Yes,90.0,9.0,Fair,6,Bachelor,Good,1,No,0.2371273712737128,"(20, 25]"
24,S1024,0.4285714285714284,Female,2.0,0.0,0.9,Yes,81.8,5.5,Fair,4,Bachelor,Average,2,No,0.3888888888888889,"(15, 20]"
25,S1025,0.7142857142857144,Male,4.9,4.3,3.3,No,74.7,9.0,Fair,1,High School,Average,2,Yes,0.5921409214092141,"(20, 25]"
26,S1026,0.7142857142857144,Male,2.0,0.8,0.5,No,83.8,6.5,Good,4,Bachelor,Poor,4,No,0.6409214092140922,"(20, 25]"
27,S1027,0.1428571428571428,Male,3.2,2.2,2.8,Yes,88.1,4.8,Fair,5,Bachelor,Average,3,No,0.60840108401084,"(15, 20]"
28,S1028,1.0,Male,4.3,2.0,2.8,Yes,78.4,8.1,Good,5,High School,Poor,3,Yes,0.7669376693766938,"(20, 25]"
29,S1029,0.4285714285714284,Female,2.0,3.2,3.8,Yes,82.6,6.7,Poor,6,High School,Poor,10,Yes,0.6707317073170733,"(15, 20]"
30,S1030,0.5714285714285716,Female,3.7,0.6,1.3,No,75.6,7.5,Fair,2,Master,Average,5,No,0.6016260162601625,"(20, 25]"
31,S1031,0.0,Other,1.5,3.1,2.6,Yes,96.2,8.0,Fair,4,Bachelor,Average,3,Yes,0.3401084010840108,"(15, 20]"
32,S1032,0.4285714285714284,Other,2.6,4.9,4.3,No,82.1,6.9,Good,3,Bachelor,Good,7,No,0.3509485094850949,"(15, 20]"
33,S1033,0.1428571428571428,Female,4.0,0.9,1.1,No,99.5,5.8,Poor,2,,Average,5,No,0.6029810298102982,"(15, 20]"
34,S1034,0.7142857142857144,Female,1.1,2.7,0.1,No,100.0,7.7,Fair,1,High School,Good,4,No,0.33875338753387546,"(20, 25]"
35,S1035,0.5714285714285716,Female,4.2,1.7,0.0,Yes,84.2,6.5,Good,1,Bachelor,Average,3,No,0.6287262872628727,"(20, 25]"
36,S1036,0.4285714285714284,Female,3.5,3.0,2.6,No,74.9,7.3,Fair,3,High School,Good,4,No,0.6029810298102982,"(15, 20]"
37,S1037,0.0,Male,4.3,2.5,0.0,Yes,64.1,3.9,Good,0,High School,Average,2,No,0.4498644986449865,"(15, 20]"
38,S1038,0.0,Male,3.8,1.7,1.4,No,70.3,7.0,Poor,0,Bachelor,Good,1,No,0.43224932249322506,"(15, 20]"
39,S1039,0.2857142857142856,Male,5.5,3.1,2.3,No,71.3,5.7,Good,1,High School,Average,3,No,0.7601626016260163,"(15, 20]"
40,S1040,0.2857142857142856,Female,3.7,4.7,2.0,No,98.8,8.5,Good,6,Bachelor,Good,2,No,0.5894308943089432,"(15, 20]"
41,S1041,0.8571428571428572,Female,2.9,2.3,2.3,No,86.2,7.2,Good,6,Bachelor,Average,1,No,0.5392953929539297,"(20, 25]"
42,S1042,0.1428571428571428,Male,3.7,3.4,2.0,No,88.9,6.8,Fair,3,High School,Poor,1,Yes,0.505420054200542,"(15, 20]"
43,S1043,1.0,Female,4.3,0.9,3.2,No,62.8,7.1,Poor,0,Bachelor,Good,2,No,0.5352303523035231,"(20, 25]"
44,S1044,0.4285714285714284,Female,3.6,1.4,0.8,No,73.0,5.3,Good,4,High School,Poor,9,No,0.7086720867208671,"(15, 20]"
45,S1045,0.4285714285714284,Male,3.6,3.1,1.1,No,93.9,8.4,Fair,1,Bachelor,Average,5,Yes,0.6626016260162602,"(15, 20]"
46,S1046,1.0,Male,2.4,4.3,1.0,No,87.9,8.9,Poor,5,High School,Average,9,Yes,0.6070460704607046,"(20, 25]"
47,S1047,0.8571428571428572,Female,2.5,2.9,2.7,No,83.5,7.0,Good,4,,Good,8,Yes,0.4539295392953931,"(20, 25]"
48,S1048,0.7142857142857144,Female,1.4,2.1,2.8,No,90.6,8.4,Fair,3,Bachelor,Good,6,No,0.35772357723577247,"(20, 25]"
49,S1049,0.7142857142857144,Female,6.1,2.5,2.3,No,100.0,5.8,Poor,5,High School,Average,1,No,0.9525745257452576,"(20, 25]"
50,S1050,0.8571428571428572,Female,1.6,1.0,3.1,No,82.8,5.5,Fair,4,Master,Good,10,Yes,0.4850948509485095,"(20, 25]"
51,S1051,0.7142857142857144,Female,2.5,3.2,0.5,No,85.7,6.5,Poor,0,High School,Average,5,No,0.4539295392953931,"(20, 25]"
52,S1052,0.2857142857142856,Female,2.4,3.6,3.6,No,86.9,7.0,Fair,6,High School,Average,1,No,0.3008130081300813,"(15, 20]"
53,S1053,0.4285714285714284,Female,4.8,2.0,3.5,No,100.0,6.0,Good,0,Bachelor,Good,7,Yes,0.6016260162601625,"(15, 20]"
54,S1054,0.8571428571428572,Female,3.1,1.9,2.6,Yes,64.0,7.1,Fair,5,High School,Good,10,No,0.5677506775067751,"(20, 25]"
55,S1055,0.4285714285714284,Male,5.4,2.8,3.8,No,91.8,6.9,Good,2,High School,Good,8,No,0.826558265582656,"(15, 20]"
56,S1056,1.0,Male,2.5,2.0,0.0,No,83.9,5.3,Good,6,Bachelor,Average,8,No,0.5487804878048781,"(20, 25]"
57,S1057,0.0,Male,3.9,2.4,1.2,No,90.7,7.1,Good,1,Bachelor,Average,7,Yes,0.6639566395663956,"(15, 20]"
58,S1058,0.2857142857142856,Female,2.2,5.0,1.0,No,78.4,7.5,Poor,5,Master,Average,2,Yes,0.27371273712737126,"(15, 20]"
59,S1059,0.5714285714285716,Female,6.7,2.2,2.6,No,84.5,6.7,Good,3,Master,Average,5,Yes,0.9607046070460705,"(20, 25]"
60,S1060,0.2857142857142856,Female,1.7,2.1,0.6,Yes,92.1,7.9,Fair,1,High School,Average,4,No,0.47425474254742556,"(15, 20]"
61,S1061,0.8571428571428572,Male,4.0,1.7,2.6,No,100.0,5.0,Fair,4,Bachelor,Good,5,No,0.6612466124661247,"(20, 25]"
62,S1062,0.5714285714285716,Male,4.5,3.4,3.3,Yes,93.1,7.1,Good,6,High School,Good,10,No,0.9281842818428185,"(20, 25]"
63,S1063,0.0,Male,4.1,2.3,2.6,Yes,76.5,5.1,Fair,3,Bachelor,Average,9,No,0.6964769647696476,"(15, 20]"
64,S1064,0.8571428571428572,Male,3.2,1.7,2.1,No,80.8,5.2,Good,3,High School,Poor,4,Yes,0.5745257452574526,"(20, 25]"
65,S1065,0.1428571428571428,Female,3.3,4.1,0.7,No,80.5,5.7,Poor,0,Master,Good,8,No,0.5880758807588076,"(15, 20]"
66,S1066,0.4285714285714284,Male,3.6,4.2,0.9,No,67.0,5.4,Good,4,Bachelor,Average,8,No,0.5460704607046072,"(15, 20]"
67,S1067,0.0,Male,3.3,1.8,3.2,No,81.7,5.8,Poor,0,Master,Good,2,No,0.48780487804878064,"(15, 20]"
68,S1068,0.4285714285714284,Female,4.9,0.3,2.7,Yes,92.3,6.2,Good,0,Bachelor,Poor,6,No,0.7574525745257452,"(15, 20]"
69,S1069,0.7142857142857144,Male,6.8,3.7,1.8,No,72.3,7.5,Poor,6,Master,Average,5,No,1.0,"(20, 25]"
70,S1070,0.1428571428571428,Female,2.7,1.7,1.3,No,95.5,6.1,Poor,2,Bachelor,Good,2,Yes,0.4539295392953931,"(15, 20]"
71,S1071,0.1428571428571428,Female,1.4,3.4,0.0,No,89.9,4.6,Fair,0,High School,Poor,10,Yes,0.39159891598916,"(15, 20]"
72,S1072,0.0,Male,3.4,0.1,0.6,No,77.7,7.9,Fair,1,High School,Average,4,Yes,0.6897018970189701,"(15, 20]"
73,S1073,0.1428571428571428,Female,7.4,3.6,3.9,No,83.6,5.5,Fair,3,High School,Average,7,Yes,0.9688346883468835,"(15, 20]"
74,S1074,0.5714285714285716,Female,2.3,1.0,0.4,No,100.0,6.4,Fair,6,,Good,1,No,0.5514905149051492,"(20, 25]"
75,S1075,0.1428571428571428,Female,6.0,3.4,2.0,Yes,92.3,7.0,Fair,0,Bachelor,Good,9,Yes,0.9986449864498645,"(15, 20]"
76,S1076,0.4285714285714284,Male,6.0,2.5,2.9,No,85.1,6.7,Poor,5,Bachelor,Average,10,Yes,1.0,"(15, 20]"
77,S1077,0.4285714285714284,Female,2.7,1.4,0.4,No,82.6,7.8,Fair,1,Bachelor,Poor,1,No,0.42005420054200554,"(15, 20]"
78,S1078,0.8571428571428572,Female,4.4,2.0,2.0,Yes,85.8,7.1,Good,4,Master,Good,5,No,0.6924119241192412,"(20, 25]"
79,S1079,0.4285714285714284,Male,5.9,3.3,2.8,Yes,79.9,5.5,Good,3,Master,Average,7,No,0.8861788617886179,"(15, 20]"
80,S1080,0.8571428571428572,Male,2.9,2.6,1.8,No,64.0,9.1,Good,6,High School,Good,8,No,0.6029810298102982,"(20, 25]"
81,S1081,0.4285714285714284,Other,3.2,3.2,5.0,No,100.0,6.7,Good,5,High School,Poor,2,No,0.42547425474254746,"(15, 20]"
82,S1082,0.5714285714285716,Female,2.6,4.9,0.0,Yes,86.6,6.3,Fair,6,High School,Poor,4,No,0.4607046070460706,"(20, 25]"
83,S1083,1.0,Male,2.0,0.6,3.0,No,89.0,7.7,Poor,6,High School,Good,2,Yes,0.32926829268292684,"(20, 25]"
84,S1084,0.8571428571428572,Female,2.5,4.4,1.6,No,84.4,6.8,Fair,5,Bachelor,Average,4,No,0.3401084010840108,"(20, 25]"
85,S1085,0.2857142857142856,Male,1.7,2.6,2.6,No,77.6,7.0,Good,4,Bachelor,Good,6,No,0.3699186991869919,"(15, 20]"
86,S1086,0.7142857142857144,Male,3.6,1.4,2.3,No,83.1,9.5,Good,5,Bachelor,Poor,6,No,0.7181571815718157,"(20, 25]"
87,S1087,0.0,Male,2.3,0.9,1.0,No,69.0,6.2,Fair,1,Master,Average,2,Yes,0.28455284552845533,"(15, 20]"
88,S1088,0.4285714285714284,Male,3.9,2.3,2.1,No,100.0,6.1,Poor,6,Bachelor,Good,4,No,0.6395663956639568,"(15, 20]"
89,S1089,0.1428571428571428,Male,1.2,3.6,0.0,No,72.7,6.6,Poor,4,High School,Average,4,Yes,0.2018970189701898,"(15, 20]"
90,S1090,1.0,Male,4.0,2.3,2.5,No,74.7,7.8,Fair,6,Bachelor,Good,1,No,0.6991869918699187,"(20, 25]"
91,S1091,0.4285714285714284,Female,4.8,4.3,2.1,No,80.6,4.7,Fair,5,High School,Average,2,No,0.5040650406504066,"(15, 20]"
92,S1092,0.1428571428571428,Male,0.5,0.8,2.5,Yes,97.9,4.1,Poor,4,High School,Good,3,No,0.23983739837398382,"(15, 20]"
93,S1093,0.7142857142857144,Male,4.1,2.5,3.0,No,85.1,5.8,Good,4,,Good,5,No,0.5962059620596207,"(20, 25]"
94,S1094,0.7142857142857144,Female,5.3,1.0,2.2,No,72.6,4.5,Fair,0,High School,Average,8,No,0.7466124661246611,"(20, 25]"
95,S1095,0.7142857142857144,Male,1.7,2.9,2.0,No,97.5,6.0,Good,0,High School,Good,6,No,0.3252032520325204,"(20, 25]"
96,S1096,0.1428571428571428,Female,6.0,3.6,0.8,No,92.3,7.1,Good,0,High School,Good,3,No,0.8360433604336044,"(15, 20]"
97,S1097,0.4285714285714284,Male,4.1,2.0,1.0,No,90.4,5.4,Good,5,Bachelor,Average,6,No,0.7411924119241193,"(15, 20]"
98,S1098,0.7142857142857144,Male,2.4,0.0,3.1,No,92.2,4.8,Good,3,Bachelor,Good,7,Yes,0.5108401084010841,"(20, 25]"
99,S1099,0.5714285714285716,Male,3.4,2.7,3.4,No,100.0,6.6,Good,1,High School,Good,6,No,0.5338753387533874,"(20, 25]"
100,S1100,0.8571428571428572,Male,4.3,3.0,1.5,No,100.0,7.5,Good,5,,Average,10,Yes,0.9078590785907861,"(20, 25]"
101,S1101,0.1428571428571428,Male,3.6,3.0,1.9,No,78.1,4.5,Good,6,Bachelor,Average,6,No,0.6476964769647697,"(15, 20]"
102,S1102,0.1428571428571428,Male,4.3,4.0,0.8,No,100.0,7.5,Fair,0,,Average,1,No,0.4688346883468835,"(15, 20]"
103,S1103,0.4285714285714284,Male,2.1,1.2,3.1,No,88.8,7.5,Good,4,Master,Average,3,No,0.3279132791327914,"(15, 20]"
104,S1104,0.1428571428571428,Male,3.8,3.3,2.5,No,90.0,7.6,Good,5,Bachelor,Good,7,No,0.6517615176151761,"(15, 20]"
105,S1105,0.1428571428571428,Male,1.4,3.9,3.9,Yes,68.1,8.0,Good,4,High School,Average,4,Yes,0.08943089430894308,"(15, 20]"
106,S1106,0.7142857142857144,Male,3.3,0.4,0.8,No,83.3,9.1,Good,6,High School,Good,4,Yes,0.7601626016260163,"(20, 25]"
107,S1107,0.4285714285714284,Male,2.1,2.9,1.4,No,76.9,6.1,Fair,4,,Average,7,No,0.4634146341463415,"(15, 20]"
108,S1108,0.7142857142857144,Female,2.4,1.9,2.1,No,93.3,6.6,Poor,4,High School,Average,9,Yes,0.45799457994579956,"(20, 25]"
109,S1109,0.8571428571428572,Female,5.4,2.4,2.5,No,95.7,6.0,Fair,2,High School,Good,2,No,0.6951219512195121,"(20, 25]"
110,S1110,1.0,Male,5.1,2.9,1.6,No,64.3,6.5,Fair,3,Bachelor,Average,9,Yes,0.8170731707317074,"(20, 25]"
111,S1111,0.8571428571428572,Female,4.4,1.9,0.8,No,84.8,8.3,Good,1,High School,Average,3,No,0.6869918699186992,"(20, 25]"
112,S1112,1.0,Female,1.9,1.7,2.8,No,96.2,4.9,Fair,1,Bachelor,Poor,6,Yes,0.23983739837398382,"(20, 25]"
113,S1113,0.7142857142857144,Male,3.0,2.5,2.6,No,83.1,5.5,Fair,0,Bachelor,Average,4,No,0.3401084010840108,"(20, 25]"
114,S1114,0.8571428571428572,Female,5.3,1.2,0.8,No,92.3,8.2,Fair,2,High School,Average,1,No,0.7737127371273713,"(20, 25]"
115,S1115,0.4285714285714284,Female,3.7,1.2,3.3,No,88.5,7.7,Poor,5,,Good,9,No,0.7655826558265584,"(15, 20]"
116,S1116,0.0,Male,7.0,3.3,3.1,No,88.4,6.1,Good,5,,Average,6,Yes,0.929539295392954,"(15, 20]"
117,S1117,0.7142857142857144,Male,4.1,1.1,1.9,No,82.3,7.5,Good,1,,Good,8,No,0.7398373983739837,"(20, 25]"
118,S1118,1.0,Female,3.8,3.3,1.9,No,72.8,6.9,Poor,3,Bachelor,Good,2,Yes,0.43495934959349597,"(20, 25]"
119,S1119,0.5714285714285716,Female,3.0,3.1,2.4,Yes,73.8,8.3,Fair,4,High School,Average,7,No,0.5433604336043361,"(20, 25]"
120,S1120,1.0,Male,3.7,0.4,0.9,No,92.1,6.6,Fair,6,Bachelor,Average,6,No,0.8360433604336044,"(20, 25]"
121,S1121,0.5714285714285716,Male,3.3,1.7,1.8,No,85.2,7.7,Poor,0,High School,Good,2,No,0.46476964769647705,"(20, 25]"
122,S1122,0.1428571428571428,Male,4.6,3.9,0.0,No,83.6,9.7,Poor,3,High School,Good,2,No,0.7940379403794038,"(15, 20]"
123,S1123,0.8571428571428572,Female,4.9,1.3,2.8,No,80.8,7.2,Good,1,Bachelor,Average,4,No,0.6883468834688347,"(20, 25]"
124,S1124,0.5714285714285716,Female,2.3,1.9,0.1,No,81.9,6.6,Fair,2,Bachelor,Average,4,No,0.48102981029810304,"(20, 25]"
125,S1125,1.0,Male,1.5,3.1,3.5,No,95.5,7.4,Fair,0,High School,Average,3,No,0.24119241192411928,"(20, 25]"
126,S1126,0.1428571428571428,Male,0.7,3.4,1.4,Yes,81.6,6.1,Poor,1,High School,Poor,8,No,0.21951219512195125,"(15, 20]"
127,S1127,0.0,Female,4.3,2.2,1.6,No,71.6,9.4,Good,5,Bachelor,Good,7,No,0.8373983739837398,"(15, 20]"
128,S1128,0.4285714285714284,Male,1.8,1.8,1.1,No,92.4,6.7,Good,0,High School,Good,2,No,0.3048780487804879,"(15, 20]"
129,S1129,0.4285714285714284,Male,0.3,4.2,1.5,No,83.0,6.2,Good,1,High School,Average,3,Yes,0.008130081300813052,"(15, 20]"
130,S1130,0.4285714285714284,Female,4.1,4.6,3.4,No,85.3,5.5,Poor,5,Bachelor,Good,10,No,0.7506775067750677,"(15, 20]"
131,S1131,0.5714285714285716,Female,7.2,3.7,0.0,No,100.0,7.8,Good,6,High School,Good,9,No,1.0,"(20, 25]"
132,S1132,0.0,Female,3.5,2.6,3.2,Yes,84.8,7.5,Fair,5,Bachelor,Average,5,Yes,0.6476964769647697,"(15, 20]"
133,S1133,0.5714285714285716,Female,4.8,1.5,2.2,No,87.9,5.9,Fair,4,Bachelor,Poor,2,Yes,0.7073170731707319,"(20, 25]"
134,S1134,0.8571428571428572,Male,3.6,1.5,0.5,No,73.2,7.2,Fair,2,Bachelor,Good,3,No,0.6029810298102982,"(20, 25]"
135,S1135,0.5714285714285716,Male,3.4,3.1,0.6,No,82.8,4.7,Fair,4,Bachelor,Good,8,No,0.6517615176151761,"(20, 25]"
136,S1136,0.0,Female,4.9,3.0,3.6,No,91.1,6.7,Good,1,Bachelor,Good,4,No,0.5609756097560976,"(15, 20]"
137,S1137,0.0,Male,3.1,4.2,0.8,No,69.4,7.0,Good,6,Bachelor,Poor,2,No,0.5216802168021681,"(15, 20]"
138,S1138,0.8571428571428572,Male,3.9,3.3,0.5,No,87.0,8.5,Fair,3,Master,Average,2,No,0.513550135501355,"(20, 25]"
139,S1139,0.0,Male,4.0,0.7,3.1,No,86.0,5.6,Good,6,High School,Poor,6,No,0.7764227642276422,"(15, 20]"
140,S1140,1.0,Male,2.5,3.8,2.2,No,85.4,5.0,Good,6,High School,Good,8,No,0.5040650406504066,"(20, 25]"
141,S1141,0.0,Male,5.0,1.3,0.8,No,95.4,5.4,Good,6,Bachelor,Good,7,No,0.948509485094851,"(15, 20]"
142,S1142,0.4285714285714284,Male,3.2,2.0,2.0,No,88.3,4.9,Fair,4,Bachelor,Poor,4,Yes,0.5311653116531168,"(15, 20]"
143,S1143,1.0,Male,2.4,2.8,0.7,No,99.8,8.1,Fair,3,,Good,2,No,0.4850948509485095,"(20, 25]"
144,S1144,1.0,Male,4.3,4.9,3.0,No,75.1,8.4,Fair,5,Master,Good,9,Yes,0.6476964769647697,"(20, 25]"
145,S1145,0.8571428571428572,Female,2.2,6.2,3.0,No,86.4,6.9,Good,1,,Good,4,No,0.27777777777777785,"(20, 25]"
146,S1146,0.2857142857142856,Female,3.5,3.2,2.4,No,85.8,8.0,Poor,2,Bachelor,Good,9,No,0.6680216802168022,"(15, 20]"
147,S1147,0.2857142857142856,Female,3.5,2.3,2.2,No,74.3,6.7,Fair,3,Bachelor,Poor,5,Yes,0.7032520325203251,"(15, 20]"
148,S1148,0.0,Female,5.1,3.1,3.7,No,94.6,6.4,Fair,1,Master,Good,7,No,0.7994579945799458,"(15, 20]"
149,S1149,1.0,Female,4.2,3.6,1.8,Yes,100.0,6.1,Fair,3,,Poor,5,No,0.6666666666666667,"(20, 25]"
150,S1150,0.2857142857142856,Male,3.5,2.1,0.5,Yes,84.8,6.1,Good,4,Bachelor,Average,2,No,0.5149051490514907,"(15, 20]"
151,S1151,0.2857142857142856,Female,4.7,4.7,2.3,No,90.1,4.6,Good,1,High School,Good,6,No,0.5894308943089432,"(15, 20]"
152,S1152,0.0,Female,5.6,2.8,4.1,No,85.8,6.8,Good,4,High School,Good,7,No,0.8685636856368564,"(15, 20]"
153,S1153,0.2857142857142856,Female,4.3,3.1,0.7,No,77.9,6.5,Good,0,,Average,6,No,0.7479674796747968,"(15, 20]"
154,S1154,0.5714285714285716,Male,3.5,3.3,1.4,No,66.8,7.4,Fair,1,Bachelor,Good,3,No,0.5257452574525745,"(20, 25]"
155,S1155,0.1428571428571428,Male,1.5,3.0,2.3,No,77.9,6.6,Fair,3,High School,Good,10,No,0.421409214092141,"(15, 20]"
156,S1156,0.8571428571428572,Male,1.9,3.5,1.7,Yes,71.1,6.3,Fair,0,High School,Good,8,No,0.42682926829268303,"(20, 25]"
157,S1157,0.1428571428571428,Male,3.0,1.8,0.7,No,100.0,5.5,Poor,4,Bachelor,Poor,3,No,0.41327913279132805,"(15, 20]"
158,S1158,0.0,Female,2.6,1.8,3.0,No,83.8,6.6,Fair,4,Bachelor,Good,5,Yes,0.489159891598916,"(15, 20]"
159,S1159,0.4285714285714284,Female,3.2,1.2,4.4,No,81.5,7.4,Good,3,Bachelor,Average,9,No,0.7005420054200544,"(15, 20]"
160,S1160,0.8571428571428572,Male,3.6,3.0,2.0,No,93.9,5.1,Fair,0,Master,Average,5,No,0.5284552845528456,"(20, 25]"
161,S1161,0.0,Other,4.3,3.4,0.8,No,73.8,6.6,Good,6,High School,Average,7,No,0.6856368563685638,"(15, 20]"
162,S1162,1.0,Female,3.4,3.0,0.1,No,77.3,6.8,Fair,5,Master,Average,7,No,0.7804878048780488,"(20, 25]"
163,S1163,0.4285714285714284,Male,4.2,4.5,2.1,No,85.7,5.6,Poor,2,Master,Good,5,No,0.6016260162601625,"(15, 20]"
164,S1164,0.1428571428571428,Male,3.6,2.5,3.0,No,95.3,5.8,Poor,3,High School,Average,2,Yes,0.5,"(15, 20]"
165,S1165,0.0,Male,0.5,3.3,2.3,No,90.0,6.8,Fair,4,High School,Good,5,No,0.17344173441734417,"(15, 20]"
166,S1166,1.0,Male,2.1,1.2,1.8,No,87.5,5.1,Fair,1,High School,Average,7,No,0.5487804878048781,"(20, 25]"
167,S1167,0.8571428571428572,Male,3.3,2.0,1.2,Yes,85.8,6.9,Poor,0,High School,Good,7,No,0.6233062330623307,"(20, 25]"
168,S1168,0.8571428571428572,Male,1.7,3.3,0.6,No,89.0,5.4,Fair,5,Bachelor,Good,4,Yes,0.3238482384823849,"(20, 25]"
169,S1169,0.7142857142857144,Male,4.4,3.5,2.7,Yes,87.0,7.8,Fair,2,Bachelor,Good,1,No,0.49051490514905155,"(20, 25]"
170,S1170,1.0,Male,5.8,2.1,2.8,No,74.7,9.3,Fair,1,Bachelor,Good,6,No,0.9539295392953928,"(20, 25]"
171,S1171,0.5714285714285716,Female,5.3,2.4,0.1,No,85.5,5.5,Good,0,Bachelor,Good,3,Yes,0.8075880758807588,"(20, 25]"
172,S1172,0.2857142857142856,Male,3.2,0.7,3.5,No,74.3,7.1,Good,5,High School,Good,5,No,0.570460704607046,"(15, 20]"
173,S1173,0.4285714285714284,Female,5.7,2.1,2.4,No,85.8,5.6,Fair,3,Master,Good,4,Yes,0.7804878048780488,"(15, 20]"
174,S1174,1.0,Male,3.7,3.6,3.3,Yes,80.2,7.7,Good,5,High School,Poor,2,No,0.5840108401084012,"(20, 25]"
175,S1175,0.7142857142857144,Other,3.0,3.2,0.3,No,100.0,5.0,Good,3,Master,Good,7,No,0.5298102981029811,"(20, 25]"
176,S1176,0.2857142857142856,Male,2.6,3.1,0.3,No,84.6,7.1,Good,6,High School,Average,5,Yes,0.6951219512195121,"(15, 20]"
177,S1177,0.2857142857142856,Male,3.0,2.6,1.6,No,71.0,5.5,Fair,0,Master,Average,7,Yes,0.39024390243902446,"(15, 20]"
178,S1178,0.0,Other,2.9,2.5,2.4,Yes,83.7,6.3,Poor,5,,Good,9,No,0.5284552845528456,"(15, 20]"
179,S1179,0.2857142857142856,Female,3.8,1.7,3.8,No,90.2,5.3,Good,2,High School,Average,4,No,0.43224932249322506,"(15, 20]"
180,S1180,0.5714285714285716,Female,3.7,3.3,2.6,Yes,100.0,7.5,Fair,5,,Good,5,No,0.5826558265582658,"(20, 25]"
181,S1181,0.8571428571428572,Male,3.5,3.0,1.5,Yes,79.1,5.5,Good,0,Bachelor,Average,9,No,0.5582655826558267,"(20, 25]"
182,S1182,0.7142857142857144,Male,4.2,3.1,0.7,No,69.2,7.2,Good,1,Master,Poor,10,No,0.7276422764227644,"(20, 25]"
183,S1183,0.2857142857142856,Female,5.3,1.9,3.2,No,93.2,6.1,Fair,1,High School,Average,4,Yes,0.8062330623306233,"(15, 20]"
184,S1184,0.0,Female,4.9,0.0,0.7,No,71.2,6.4,Fair,5,Master,Poor,5,No,0.948509485094851,"(15, 20]"
185,S1185,0.5714285714285716,Female,1.3,3.8,3.6,Yes,80.6,6.7,Fair,5,Bachelor,Good,5,No,0.19241192411924118,"(20, 25]"
186,S1186,0.1428571428571428,Female,0.0,1.9,1.5,No,82.4,5.6,Fair,3,Bachelor,Average,8,No,0.3929539295392955,"(15, 20]"
187,S1187,0.8571428571428572,Male,4.9,1.5,3.5,No,84.3,6.8,Fair,0,Bachelor,Average,4,No,0.6449864498644986,"(20, 25]"
188,S1188,0.8571428571428572,Female,1.4,3.3,2.5,No,91.9,8.3,Fair,3,High School,Poor,4,Yes,0.27506775067750683,"(20, 25]"
189,S1189,0.7142857142857144,Male,3.2,2.0,1.6,No,78.2,5.6,Fair,2,High School,Average,7,Yes,0.46476964769647705,"(20, 25]"
190,S1190,0.8571428571428572,Male,1.7,3.8,1.2,No,82.3,7.9,Poor,6,Master,Good,5,No,0.3956639566395664,"(20, 25]"
191,S1191,0.2857142857142856,Male,0.8,3.2,1.4,No,84.9,8.3,Good,1,Master,Average,6,No,0.2560975609756098,"(15, 20]"
192,S1192,0.0,Female,4.3,3.3,2.3,No,86.5,5.5,Poor,4,Master,Good,6,No,0.5853658536585367,"(15, 20]"
193,S1193,0.8571428571428572,Male,4.6,0.9,1.9,No,86.0,4.8,Good,4,Master,Good,6,No,0.7466124661246611,"(20, 25]"
194,S1194,0.8571428571428572,Male,2.6,4.0,1.1,No,89.4,6.9,Good,0,High School,Good,10,No,0.5474254742547426,"(20, 25]"
195,S1195,0.1428571428571428,Female,0.0,2.8,1.6,No,93.4,5.8,Fair,0,Bachelor,Good,5,No,0.006775067750677544,"(15, 20]"
196,S1196,0.1428571428571428,Male,2.7,2.1,1.9,No,88.9,8.7,Good,4,High School,Poor,5,No,0.518970189701897,"(15, 20]"
197,S1197,0.4285714285714284,Female,4.1,2.7,0.0,No,89.5,6.5,Fair,0,Master,Average,9,Yes,0.8252032520325203,"(15, 20]"
198,S1198,0.5714285714285716,Male,1.3,0.4,2.3,Yes,69.2,5.5,Good,1,High School,Good,8,Yes,0.21680216802168034,"(20, 25]"
199,S1199,0.2857142857142856,Female,3.8,3.0,0.7,No,85.5,5.1,Fair,2,Bachelor,Good,4,No,0.4796747967479676,"(15, 20]"
200,S1200,0.8571428571428572,Female,3.5,1.3,0.5,No,89.8,7.8,Fair,2,Bachelor,Good,7,No,0.7547425474254743,"(20, 25]"
201,S1201,1.0,Male,4.4,0.9,0.0,No,92.3,5.8,Fair,3,High School,Good,8,No,0.9525745257452576,"(20, 25]"
202,S1202,0.8571428571428572,Male,3.7,0.7,0.0,No,78.1,6.6,Fair,1,,Average,9,No,0.7981029810298101,"(20, 25]"
203,S1203,0.0,Male,2.0,3.8,0.3,No,78.4,7.6,Fair,6,Master,Poor,5,No,0.437669376693767,"(15, 20]"
204,S1204,0.4285714285714284,Male,5.3,1.7,1.0,No,79.3,5.9,Fair,0,Bachelor,Good,3,Yes,0.7073170731707319,"(15, 20]"
205,S1205,0.5714285714285716,Other,3.3,4.3,3.9,No,90.4,6.4,Fair,0,High School,Good,4,No,0.40921409214092147,"(20, 25]"
206,S1206,1.0,Male,3.5,1.9,1.2,No,95.3,6.5,Poor,6,Bachelor,Average,10,Yes,0.8997289972899729,"(20, 25]"
207,S1207,0.4285714285714284,Female,2.1,0.5,2.0,No,80.9,7.3,Poor,3,Bachelor,Good,6,Yes,0.489159891598916,"(15, 20]"
208,S1208,0.7142857142857144,Male,2.8,1.2,2.2,Yes,94.1,7.2,Fair,3,High School,Average,10,No,0.6720867208672086,"(20, 25]"
209,S1209,0.5714285714285716,Female,2.2,4.0,1.9,No,86.2,6.2,Poor,0,High School,Average,5,Yes,0.2831978319783199,"(20, 25]"
210,S1210,0.8571428571428572,Female,3.2,2.3,1.7,Yes,83.8,6.6,Poor,0,Master,Good,9,No,0.5433604336043361,"(20, 25]"
211,S1211,0.8571428571428572,Female,6.1,1.8,0.5,No,82.9,6.1,Good,6,Bachelor,Good,3,Yes,0.9769647696476964,"(20, 25]"
212,S1212,0.5714285714285716,Male,1.4,2.7,3.4,No,92.5,4.7,Poor,1,Bachelor,Average,2,Yes,0.04742547425474258,"(20, 25]"
213,S1213,0.8571428571428572,Male,1.1,3.1,3.8,No,88.3,6.8,Good,6,Bachelor,Poor,6,No,0.26151761517615185,"(20, 25]"
214,S1214,0.2857142857142856,Male,5.7,3.8,0.0,No,100.0,8.8,Fair,3,,Average,7,No,1.0,"(15, 20]"
215,S1215,0.5714285714285716,Female,3.2,4.2,0.7,No,76.5,5.4,Good,6,High School,Good,5,Yes,0.5596205962059622,"(20, 25]"
216,S1216,0.4285714285714284,Female,2.5,2.1,1.5,No,90.2,5.6,Fair,6,High School,Average,1,Yes,0.46205962059620603,"(15, 20]"
217,S1217,0.5714285714285716,Other,5.1,0.9,0.7,No,79.7,5.5,Fair,6,High School,Good,3,No,0.8238482384823849,"(20, 25]"
218,S1218,1.0,Male,2.6,2.0,2.4,No,76.3,7.4,Fair,1,Bachelor,Good,3,No,0.3021680216802169,"(20, 25]"
219,S1219,0.8571428571428572,Female,6.2,2.8,1.0,No,84.9,7.0,Fair,5,Master,Good,4,No,1.0,"(20, 25]"
220,S1220,0.2857142857142856,Female,4.5,1.3,4.2,No,86.4,6.3,Fair,0,High School,Average,10,No,0.7574525745257452,"(15, 20]"
221,S1221,0.2857142857142856,Male,2.8,1.4,3.1,No,100.0,5.4,Poor,4,High School,Good,6,Yes,0.5081300813008132,"(15, 20]"
222,S1222,0.7142857142857144,Male,6.7,2.9,2.0,No,83.2,6.6,Good,6,Bachelor,Average,5,No,1.0,"(20, 25]"
223,S1223,0.4285714285714284,Female,2.6,2.4,2.9,No,73.7,4.6,Fair,4,Master,Average,1,No,0.21273712737127376,"(15, 20]"
224,S1224,0.1428571428571428,Female,4.6,2.5,3.0,No,87.7,6.7,Fair,5,Bachelor,Poor,6,No,0.6300813008130082,"(15, 20]"
225,S1225,0.1428571428571428,Female,3.9,1.6,1.2,No,64.3,7.5,Good,0,Master,Average,9,Yes,0.6517615176151761,"(15, 20]"
226,S1226,0.5714285714285716,Male,5.5,2.2,0.9,Yes,84.1,5.0,Fair,3,Bachelor,Good,1,No,0.8468834688346885,"(20, 25]"
227,S1227,0.7142857142857144,Female,5.8,1.4,1.9,No,85.2,4.7,Good,4,Bachelor,Average,8,Yes,0.9539295392953928,"(20, 25]"
228,S1228,0.0,Male,3.5,3.6,2.7,No,92.9,8.4,Fair,3,High School,Average,8,Yes,0.6287262872628727,"(15, 20]"
229,S1229,0.5714285714285716,Male,2.4,3.7,2.0,No,94.7,5.8,Good,4,High School,Good,3,Yes,0.35501355013550134,"(20, 25]"
230,S1230,0.7142857142857144,Male,4.2,0.3,0.1,No,80.0,7.9,Poor,3,High School,Poor,9,Yes,1.0,"(20, 25]"
231,S1231,0.4285714285714284,Female,2.5,1.4,0.9,No,83.5,6.3,Good,6,Bachelor,Good,8,No,0.6355013550135502,"(15, 20]"
232,S1232,0.4285714285714284,Female,6.5,0.7,1.7,No,77.3,6.3,Good,4,Master,Average,3,No,1.0,"(15, 20]"
233,S1233,0.4285714285714284,Female,3.7,1.7,1.7,No,73.7,7.0,Fair,3,Master,Poor,10,Yes,0.7398373983739837,"(15, 20]"
234,S1234,0.4285714285714284,Male,3.0,2.4,4.0,No,88.1,5.4,Poor,5,High School,Good,5,No,0.49728997289972904,"(15, 20]"
235,S1235,0.4285714285714284,Female,3.8,0.8,0.3,No,72.3,6.7,Fair,1,High School,Poor,3,No,0.6138211382113823,"(15, 20]"
236,S1236,0.7142857142857144,Male,1.5,1.4,2.4,No,80.9,6.0,Good,3,High School,Good,5,No,0.27100271002710036,"(20, 25]"
237,S1237,0.7142857142857144,Female,2.0,1.3,3.4,Yes,75.0,4.9,Fair,1,High School,Average,9,No,0.37398373983739835,"(20, 25]"
238,S1238,0.2857142857142856,Male,5.3,2.7,4.3,No,90.5,6.9,Fair,1,Bachelor,Poor,4,Yes,0.6504065040650406,"(15, 20]"
239,S1239,1.0,Male,2.5,2.6,1.4,No,100.0,6.2,Poor,0,Master,Poor,6,No,0.3563685636856369,"(20, 25]"
240,S1240,0.1428571428571428,Male,1.9,1.6,2.3,No,72.0,6.3,Fair,6,Master,Poor,3,No,0.33875338753387546,"(15, 20]"
241,S1241,0.8571428571428572,Male,4.3,2.7,2.4,Yes,66.5,5.0,Fair,5,Bachelor,Poor,3,No,0.4661246612466125,"(20, 25]"
242,S1242,0.4285714285714284,Female,5.3,1.8,2.0,No,83.8,8.4,Good,1,Bachelor,Good,5,No,0.8848238482384825,"(15, 20]"
243,S1243,0.0,Female,4.6,2.2,1.7,No,85.2,7.6,Fair,2,Bachelor,Average,8,No,0.8279132791327912,"(15, 20]"
244,S1244,0.8571428571428572,Male,5.0,4.5,2.3,No,87.2,7.7,Good,6,High School,Average,8,No,0.97289972899729,"(20, 25]"
245,S1245,0.7142857142857144,Female,2.4,4.1,0.0,No,80.5,6.1,Fair,1,Bachelor,Average,3,Yes,0.29403794037940384,"(20, 25]"
246,S1246,0.0,Male,1.4,0.9,2.6,Yes,83.0,4.4,Poor,3,Bachelor,Good,8,No,0.33604336043360444,"(15, 20]"
247,S1247,0.0,Female,5.8,3.5,1.9,No,88.7,8.8,Fair,1,Bachelor,Good,8,Yes,0.8644986449864498,"(15, 20]"
248,S1248,0.0,Female,3.0,3.5,1.6,No,95.4,6.4,Fair,3,High School,Good,3,No,0.37804878048780494,"(15, 20]"
249,S1249,0.2857142857142856,Female,3.1,1.1,4.1,No,65.4,5.6,Good,3,High School,Good,10,Yes,0.43631436314363153,"(15, 20]"
250,S1250,0.7142857142857144,Male,5.5,3.5,1.1,Yes,81.3,7.0,Good,2,High School,Average,10,No,1.0,"(20, 25]"
251,S1251,0.0,Female,4.3,4.3,1.4,No,87.1,7.9,Fair,1,Master,Average,2,No,0.5284552845528456,"(15, 20]"
252,S1252,0.4285714285714284,Female,4.2,1.2,4.0,No,75.8,6.5,Fair,1,High School,Good,10,No,0.8008130081300813,"(15, 20]"
253,S1253,0.5714285714285716,Male,6.7,1.4,0.9,No,100.0,8.0,Fair,4,Bachelor,Good,2,No,0.915989159891599,"(20, 25]"
254,S1254,0.0,Male,2.5,3.7,1.2,Yes,78.6,7.8,Good,6,Bachelor,Average,9,No,0.7127371273712737,"(15, 20]"
255,S1255,0.2857142857142856,Female,4.9,2.8,1.6,No,84.6,5.2,Good,4,High School,Average,7,No,0.7967479674796749,"(15, 20]"
256,S1256,0.8571428571428572,Female,3.6,3.2,2.7,No,90.6,5.7,Good,0,Bachelor,Good,6,No,0.518970189701897,"(20, 25]"
257,S1257,0.7142857142857144,Female,3.9,2.9,2.0,No,79.1,7.6,Fair,3,Master,Good,7,No,0.6070460704607046,"(20, 25]"
258,S1258,1.0,Female,5.8,3.0,0.4,No,66.5,3.2,Fair,2,High School,Average,8,No,0.8753387533875339,"(20, 25]"
259,S1259,0.2857142857142856,Female,4.3,0.9,1.2,No,80.7,6.3,Fair,4,Master,Good,1,No,0.6287262872628727,"(15, 20]"
260,S1260,0.0,Male,4.3,3.8,1.1,No,95.3,4.8,Fair,1,High School,Average,8,No,0.6056910569105693,"(15, 20]"
261,S1261,0.7142857142857144,Male,5.1,3.9,1.7,Yes,81.6,5.9,Fair,0,,Poor,3,Yes,0.52710027100271,"(20, 25]"
262,S1262,0.5714285714285716,Male,3.0,2.2,2.3,No,76.5,6.1,Poor,2,Master,Average,3,No,0.31029810298102983,"(20, 25]"
263,S1263,0.0,Female,2.2,2.4,2.3,Yes,94.3,6.1,Poor,5,Bachelor,Average,6,No,0.49457994579945813,"(15, 20]"
264,S1264,0.2857142857142856,Male,1.9,0.7,0.0,No,81.7,5.8,Good,1,Master,Poor,4,No,0.34281842818428193,"(15, 20]"
266,S1266,0.4285714285714284,Female,6.6,3.2,2.1,No,86.5,9.3,Fair,5,Master,Average,4,Yes,1.0,"(15, 20]"
267,S1267,1.0,Female,1.8,2.4,3.3,Yes,92.7,8.7,Fair,3,Bachelor,Good,10,No,0.36720867208672087,"(20, 25]"
268,S1268,0.8571428571428572,Male,3.2,3.8,2.3,No,100.0,5.1,Fair,3,Bachelor,Poor,9,No,0.6761517615176151,"(20, 25]"
269,S1269,0.2857142857142856,Female,3.1,2.1,3.0,No,93.3,8.4,Good,4,Bachelor,Average,8,No,0.8048780487804879,"(15, 20]"
270,S1270,0.7142857142857144,Male,4.0,3.2,2.3,Yes,96.6,6.0,Good,4,High School,Good,3,Yes,0.4986449864498646,"(20, 25]"
271,S1271,1.0,Female,4.7,1.3,3.3,Yes,79.9,6.7,Good,1,Master,Good,1,No,0.6422764227642277,"(20, 25]"
272,S1272,1.0,Male,4.8,2.5,2.4,Yes,74.7,6.4,Good,6,High School,Good,1,No,0.6775067750677508,"(20, 25]"
273,S1273,1.0,Male,2.6,2.3,1.7,No,85.6,5.7,Fair,1,Bachelor,Good,1,Yes,0.26151761517615185,"(20, 25]"
274,S1274,0.0,Female,3.2,2.8,4.3,No,86.1,7.7,Fair,4,High School,Average,4,Yes,0.43902439024390255,"(15, 20]"
275,S1275,0.4285714285714284,Male,3.9,2.1,2.8,No,74.2,6.7,Fair,5,Bachelor,Average,6,No,0.6991869918699187,"(15, 20]"
276,S1276,0.0,Male,3.1,2.3,2.4,Yes,83.2,5.9,Fair,4,High School,Good,4,Yes,0.478319783197832,"(15, 20]"
277,S1277,0.7142857142857144,Female,5.9,3.5,0.4,No,89.0,4.9,Good,1,,Good,3,No,0.6124661246612468,"(20, 25]"
278,S1278,0.0,Female,4.2,2.0,0.4,No,88.6,5.4,Fair,2,Master,Good,8,Yes,0.9173441734417345,"(15, 20]"
279,S1279,0.1428571428571428,Female,4.6,0.6,2.1,No,90.0,4.5,Poor,1,High School,Good,8,No,0.8089430894308944,"(15, 20]"
280,S1280,0.4285714285714284,Female,4.5,4.6,2.0,No,87.9,6.5,Fair,2,Bachelor,Good,6,No,0.6449864498644986,"(15, 20]"
281,S1281,0.4285714285714284,Female,5.3,4.2,1.1,Yes,79.9,5.1,Good,2,High School,Average,9,No,0.7737127371273713,"(15, 20]"
282,S1282,0.7142857142857144,Male,3.8,0.9,2.0,Yes,79.9,6.2,Fair,1,,Good,10,No,0.7249322493224932,"(20, 25]"
283,S1283,0.8571428571428572,Male,1.6,3.3,3.5,Yes,73.0,8.1,Good,6,High School,Good,1,No,0.2831978319783199,"(20, 25]"
284,S1284,0.1428571428571428,Male,4.1,1.9,2.6,No,100.0,7.9,Fair,6,Bachelor,Good,8,No,0.8902439024390245,"(15, 20]"
285,S1285,0.2857142857142856,Female,2.5,2.8,0.5,Yes,85.1,6.5,Poor,0,,Poor,6,Yes,0.4661246612466125,"(15, 20]"
286,S1286,0.0,Female,2.7,2.9,1.7,No,82.8,6.4,Fair,4,Master,Average,1,No,0.2764227642276424,"(15, 20]"
287,S1287,0.5714285714285716,Male,4.4,2.2,0.9,No,75.7,8.8,Good,6,High School,Poor,4,Yes,0.7859078590785908,"(20, 25]"
288,S1288,0.0,Male,5.4,1.6,1.4,No,100.0,7.1,Fair,3,High School,Average,5,No,0.9390243902439024,"(15, 20]"
289,S1289,1.0,Female,3.5,1.7,1.3,No,74.3,6.1,Good,1,High School,Good,7,Yes,0.6409214092140922,"(20, 25]"
290,S1290,0.0,Male,4.0,1.4,1.3,No,80.7,4.8,Fair,2,,Poor,8,No,0.6734417344173442,"(15, 20]"
291,S1291,0.2857142857142856,Female,6.1,1.5,0.4,No,89.2,7.0,Poor,1,Bachelor,Average,9,No,1.0,"(15, 20]"
292,S1292,0.0,Female,3.9,2.4,1.7,Yes,91.0,7.5,Good,4,Master,Average,6,Yes,0.6504065040650406,"(15, 20]"
293,S1293,0.1428571428571428,Female,7.4,1.6,1.2,No,94.6,5.7,Fair,5,Bachelor,Good,10,Yes,1.0,"(15, 20]"
294,S1294,0.1428571428571428,Male,4.3,3.3,0.0,No,100.0,6.8,Fair,6,High School,Average,9,No,0.9308943089430894,"(15, 20]"
295,S1295,0.4285714285714284,Female,0.9,4.3,4.1,No,90.1,6.1,Good,6,High School,Average,4,No,0.018970189701897067,"(15, 20]"
296,S1296,0.7142857142857144,Female,4.6,1.8,3.0,No,74.4,6.3,Fair,6,High School,Average,8,No,0.8130081300813008,"(20, 25]"
297,S1297,0.8571428571428572,Female,4.1,2.8,1.4,No,82.4,3.5,Good,2,Master,Average,3,No,0.459349593495935,"(20, 25]"
298,S1298,0.5714285714285716,Female,5.4,3.1,1.8,No,88.1,6.2,Poor,3,High School,Average,4,Yes,0.8821138211382114,"(20, 25]"
299,S1299,1.0,Female,4.5,3.1,0.5,No,100.0,7.7,Fair,3,Bachelor,Average,10,No,0.915989159891599,"(20, 25]"
300,S1300,0.0,Female,3.3,2.6,3.7,No,71.0,5.7,Poor,6,High School,Good,4,Yes,0.4796747967479676,"(15, 20]"
301,S1301,0.0,Male,1.7,3.4,3.9,Yes,97.0,6.6,Good,3,High School,Average,6,No,0.21002710027100274,"(15, 20]"
302,S1302,0.2857142857142856,Female,3.2,3.1,2.0,No,86.8,5.6,Fair,5,High School,Poor,9,No,0.6544715447154472,"(15, 20]"
303,S1303,0.7142857142857144,Female,2.2,1.0,2.9,No,93.4,6.9,Good,6,,Good,6,No,0.5081300813008132,"(20, 25]"
304,S1304,0.1428571428571428,Male,2.6,3.5,2.0,No,84.0,6.2,Good,0,Bachelor,Average,1,No,0.18157181571815723,"(15, 20]"
305,S1305,0.5714285714285716,Female,4.4,3.6,0.3,No,76.6,5.4,Fair,2,High School,Good,5,Yes,0.8306233062330624,"(20, 25]"
306,S1306,0.4285714285714284,Female,6.0,1.6,1.3,No,92.5,8.1,Fair,5,Bachelor,Average,9,No,1.0,"(15, 20]"
307,S1307,0.1428571428571428,Female,4.1,2.5,1.9,Yes,91.5,7.6,Fair,2,,Good,5,No,0.6666666666666667,"(15, 20]"
308,S1308,1.0,Male,1.7,3.3,1.3,No,94.7,5.8,Fair,6,Master,Good,6,Yes,0.478319783197832,"(20, 25]"
309,S1309,0.7142857142857144,Male,4.2,2.2,1.6,No,84.9,7.1,Fair,5,High School,Good,3,Yes,0.6382113821138211,"(20, 25]"
310,S1310,1.0,Other,5.3,3.8,1.7,No,79.0,7.1,Good,6,Master,Average,8,No,0.9498644986449865,"(20, 25]"
311,S1311,0.8571428571428572,Female,2.6,5.3,1.7,Yes,69.4,7.3,Good,5,Bachelor,Average,10,No,0.5528455284552847,"(20, 25]"
312,S1312,0.4285714285714284,Male,3.3,1.6,1.9,No,93.2,4.5,Good,6,Master,Average,4,No,0.5948509485094851,"(15, 20]"
313,S1313,0.8571428571428572,Female,3.5,0.8,0.6,No,89.2,7.7,Good,0,High School,Good,4,No,0.7859078590785908,"(20, 25]"
314,S1314,0.2857142857142856,Female,2.3,2.9,1.0,No,75.3,5.8,Good,2,Bachelor,Good,5,Yes,0.3075880758807588,"(15, 20]"
315,S1315,1.0,Female,4.5,3.4,0.4,No,79.6,6.1,Fair,5,High School,Poor,10,No,0.9837398373983739,"(20, 25]"
316,S1316,0.2857142857142856,Female,3.3,2.2,2.9,Yes,80.3,9.7,Good,0,High School,Poor,9,No,0.6761517615176151,"(15, 20]"
317,S1317,0.0,Male,4.1,4.2,0.0,No,70.2,6.9,Good,1,High School,Average,8,Yes,0.7344173441734418,"(15, 20]"
318,S1318,0.8571428571428572,Male,2.2,0.9,3.1,No,76.8,6.0,Fair,6,High School,Poor,7,No,0.513550135501355,"(20, 25]"
319,S1319,0.7142857142857144,Male,2.8,3.3,3.3,No,73.7,3.9,Good,4,Master,Average,5,Yes,0.4498644986449865,"(20, 25]"
320,S1320,1.0,Female,4.6,1.8,1.5,No,80.9,8.2,Fair,5,,Poor,9,Yes,0.921409214092141,"(20, 25]"
321,S1321,0.5714285714285716,Male,2.9,4.6,0.0,Yes,77.6,4.9,Good,3,Bachelor,Good,9,Yes,0.5636856368563685,"(20, 25]"
322,S1322,0.4285714285714284,Male,6.1,4.9,1.4,No,68.7,5.3,Good,0,Bachelor,Good,10,No,0.9471544715447153,"(15, 20]"
323,S1323,0.1428571428571428,Male,2.9,1.6,1.7,No,100.0,6.1,Good,0,Bachelor,Good,10,No,0.5962059620596207,"(15, 20]"
324,S1324,0.7142857142857144,Female,3.8,1.8,0.7,No,97.5,8.2,Fair,5,Bachelor,Average,2,No,0.7859078590785908,"(20, 25]"
325,S1325,0.7142857142857144,Female,4.9,3.5,1.2,No,77.2,7.4,Good,0,High School,Good,4,No,0.6666666666666667,"(20, 25]"
326,S1326,0.2857142857142856,Male,1.4,2.0,3.5,No,87.7,6.3,Fair,1,Bachelor,Good,8,No,0.21002710027100274,"(15, 20]"
328,S1328,1.0,Female,1.2,2.5,0.8,Yes,96.9,5.8,Good,4,Master,Good,5,No,0.3265582655826558,"(20, 25]"
329,S1329,1.0,Male,5.4,0.2,0.0,No,76.8,6.7,Fair,4,Bachelor,Average,8,No,1.0,"(20, 25]"
330,S1330,0.0,Male,2.7,2.5,1.4,No,95.9,6.6,Good,6,Master,Average,2,No,0.35230352303523044,"(15, 20]"
331,S1331,0.0,Male,7.3,1.7,1.6,No,79.5,7.7,Fair,6,,Average,2,Yes,1.0,"(15, 20]"
332,S1332,0.4285714285714284,Male,2.7,1.9,2.3,No,71.6,7.7,Fair,3,High School,Poor,8,No,0.6097560975609757,"(15, 20]"
333,S1333,0.2857142857142856,Male,3.8,4.2,1.2,No,92.2,7.1,Good,1,High School,Good,10,No,0.6246612466124661,"(15, 20]"
334,S1334,0.7142857142857144,Female,5.8,1.0,2.4,No,97.9,6.1,Fair,4,,Average,9,No,1.0,"(20, 25]"
335,S1335,1.0,Male,6.5,3.5,3.9,No,100.0,7.4,Poor,5,High School,Average,7,Yes,1.0,"(20, 25]"
336,S1336,0.5714285714285716,Female,6.6,2.2,2.7,No,73.0,6.4,Good,2,Bachelor,Poor,8,Yes,1.0,"(20, 25]"
337,S1337,0.2857142857142856,Male,5.3,2.2,1.7,No,92.0,5.2,Fair,2,High School,Good,5,No,0.9065040650406504,"(15, 20]"
338,S1338,0.4285714285714284,Female,5.0,3.4,1.6,Yes,80.9,6.0,Good,2,Bachelor,Average,1,Yes,0.5623306233062331,"(15, 20]"
339,S1339,0.4285714285714284,Female,4.4,2.9,1.4,No,92.8,6.6,Fair,6,Master,Good,4,Yes,0.7005420054200544,"(15, 20]"
340,S1340,0.2857142857142856,Male,4.7,3.2,3.1,Yes,70.3,7.6,Fair,5,Bachelor,Good,2,No,0.7330623306233062,"(15, 20]"
341,S1341,0.4285714285714284,Female,2.7,3.7,1.1,No,72.4,6.3,Fair,0,High School,Average,3,No,0.24525745257452575,"(15, 20]"
342,S1342,0.2857142857142856,Male,2.3,2.1,1.8,No,77.2,5.0,Fair,5,High School,Average,3,No,0.386178861788618,"(15, 20]"
343,S1343,0.1428571428571428,Other,3.5,1.8,1.9,No,85.8,6.6,Fair,0,High School,Good,9,No,0.7967479674796749,"(15, 20]"
344,S1344,0.2857142857142856,Male,3.2,1.2,1.2,No,78.6,6.6,Fair,2,High School,Poor,10,Yes,0.7520325203252034,"(15, 20]"
345,S1345,0.8571428571428572,Male,2.8,1.5,0.3,No,91.6,6.7,Fair,3,Bachelor,Poor,4,No,0.6151761517615175,"(20, 25]"
346,S1346,0.2857142857142856,Male,4.5,6.0,2.2,Yes,95.3,7.6,Poor,3,High School,Good,2,Yes,0.6436314363143631,"(15, 20]"
347,S1347,0.4285714285714284,Other,4.9,4.0,1.7,No,91.0,7.7,Fair,0,Master,Average,3,No,0.6883468834688347,"(15, 20]"
348,S1348,1.0,Female,3.6,0.9,2.4,No,100.0,5.8,Poor,2,Bachelor,Average,3,No,0.6246612466124661,"(20, 25]"
349,S1349,0.8571428571428572,Female,5.7,0.9,1.2,No,89.2,5.8,Poor,5,Bachelor,Average,7,No,1.0,"(20, 25]"
350,S1350,0.4285714285714284,Male,1.8,3.1,3.1,No,72.8,5.3,Good,3,High School,Average,8,No,0.3766937669376695,"(15, 20]"
351,S1351,0.0,Female,3.2,3.2,0.8,No,98.6,7.3,Good,0,High School,Good,6,No,0.5989159891598916,"(15, 20]"
352,S1352,0.0,Male,2.4,3.2,3.7,No,78.9,8.2,Good,5,Bachelor,Good,4,Yes,0.2818428184281843,"(15, 20]"
353,S1353,1.0,Female,0.7,2.2,0.0,No,94.1,6.1,Fair,2,High School,Good,6,No,0.3048780487804879,"(20, 25]"
354,S1354,1.0,Male,3.4,2.3,2.3,No,100.0,6.2,Good,1,High School,Good,1,No,0.28997289972899737,"(20, 25]"
355,S1355,0.8571428571428572,Male,3.3,2.9,2.3,Yes,89.6,8.3,Good,2,High School,Average,10,No,0.7439024390243902,"(20, 25]"
356,S1356,0.1428571428571428,Male,5.8,2.6,0.9,Yes,70.0,7.1,Good,6,High School,Average,8,No,1.0,"(15, 20]"
357,S1357,1.0,Male,4.4,0.0,2.3,No,75.8,7.0,Fair,2,Bachelor,Average,1,No,0.7547425474254743,"(20, 25]"
358,S1358,0.0,Female,2.0,2.2,3.2,No,98.2,5.1,Good,5,High School,Average,5,No,0.4078590785907859,"(15, 20]"
359,S1359,0.2857142857142856,Male,6.3,1.5,0.0,No,83.3,7.3,Good,5,Bachelor,Good,2,Yes,1.0,"(15, 20]"
360,S1360,0.4285714285714284,Female,5.3,2.7,2.4,Yes,85.8,5.4,Good,4,High School,Good,6,No,0.7425474254742548,"(15, 20]"
361,S1361,0.0,Male,4.4,6.1,0.0,No,92.6,5.1,Poor,4,Bachelor,Average,9,Yes,0.7953929539295395,"(15, 20]"
362,S1362,0.0,Female,3.2,2.9,0.7,No,92.0,6.1,Fair,5,Master,Poor,5,No,0.5650406504065042,"(15, 20]"
363,S1363,0.1428571428571428,Male,2.1,2.1,3.6,No,87.8,5.8,Fair,5,Master,Poor,4,No,0.41598915989159896,"(15, 20]"
364,S1364,0.8571428571428572,Male,2.9,3.6,1.2,No,82.9,6.2,Fair,1,High School,Average,2,No,0.2669376693766938,"(20, 25]"
365,S1365,0.8571428571428572,Female,5.1,3.1,0.5,Yes,81.9,4.8,Good,1,,Poor,3,No,0.6747967479674797,"(20, 25]"
366,S1366,0.7142857142857144,Male,6.3,3.0,1.6,No,93.6,7.7,Poor,2,High School,Average,6,Yes,0.929539295392954,"(20, 25]"
367,S1367,0.1428571428571428,Male,5.8,3.2,4.1,No,90.5,7.9,Poor,6,Bachelor,Good,8,No,0.9905149051490514,"(15, 20]"
368,S1368,0.2857142857142856,Female,2.8,5.0,0.0,Yes,82.4,4.2,Fair,3,Bachelor,Good,8,No,0.6070460704607046,"(15, 20]"
369,S1369,0.8571428571428572,Female,1.8,1.1,0.6,Yes,95.8,7.7,Poor,6,Bachelor,Average,5,No,0.6056910569105693,"(20, 25]"
370,S1370,0.4285714285714284,Male,3.7,3.1,3.4,Yes,83.7,5.5,Fair,1,High School,Average,5,Yes,0.45528455284552843,"(15, 20]"
371,S1371,1.0,Male,0.8,1.4,3.8,Yes,76.5,7.5,Good,2,Bachelor,Average,10,No,0.1327913279132792,"(20, 25]"
372,S1372,0.1428571428571428,Female,4.0,3.2,1.7,No,77.4,6.4,Fair,6,High School,Good,3,No,0.5718157181571817,"(15, 20]"
373,S1373,1.0,Male,3.3,1.4,0.4,No,75.2,6.5,Poor,0,Bachelor,Good,7,Yes,0.6327913279132793,"(20, 25]"
374,S1374,0.0,Male,2.8,2.0,4.1,Yes,82.3,6.3,Fair,4,High School,Good,6,No,0.421409214092141,"(15, 20]"
375,S1375,0.4285714285714284,Male,1.1,2.1,3.6,Yes,97.3,8.0,Fair,6,Bachelor,Average,1,Yes,0.3265582655826558,"(15, 20]"
376,S1376,0.4285714285714284,Female,4.3,3.7,2.5,No,76.9,5.0,Poor,3,,Good,4,No,0.5352303523035231,"(15, 20]"
377,S1377,0.0,Female,2.7,3.6,0.9,No,86.9,7.2,Good,2,High School,Poor,6,Yes,0.5650406504065042,"(15, 20]"
378,S1378,0.1428571428571428,Male,1.7,1.0,1.7,No,78.4,7.8,Good,6,Bachelor,Good,6,No,0.5067750677506775,"(15, 20]"
379,S1379,0.0,Male,0.0,2.6,1.6,No,82.4,7.4,Good,5,High School,Average,3,No,0.09078590785907859,"(15, 20]"
380,S1380,1.0,Male,3.5,1.6,2.2,No,69.9,9.3,Good,0,Bachelor,Average,6,No,0.5623306233062331,"(20, 25]"
381,S1381,0.7142857142857144,Female,6.2,1.0,3.4,No,82.8,5.9,Poor,4,Bachelor,Good,10,No,1.0,"(20, 25]"
382,S1382,0.4285714285714284,Male,6.0,2.2,2.8,Yes,83.1,7.6,Good,0,Bachelor,Average,6,No,0.9566395663956639,"(15, 20]"
383,S1383,0.5714285714285716,Male,2.8,2.1,0.6,No,90.4,6.4,Good,2,High School,Poor,9,Yes,0.6070460704607046,"(20, 25]"
384,S1384,0.5714285714285716,Female,2.6,5.4,3.3,No,87.2,8.0,Good,1,High School,Poor,9,No,0.45528455284552843,"(20, 25]"
385,S1385,1.0,Male,4.2,3.0,2.1,No,73.0,6.5,Poor,4,Bachelor,Poor,2,No,0.5149051490514907,"(20, 25]"
386,S1386,0.2857142857142856,Female,2.0,0.8,2.6,No,95.8,6.0,Good,0,High School,Poor,4,No,0.2574525745257454,"(15, 20]"
387,S1387,0.8571428571428572,Male,4.0,1.8,3.4,No,87.1,8.1,Good,1,Bachelor,Poor,9,Yes,0.7682926829268293,"(20, 25]"
388,S1388,0.0,Male,4.6,3.7,0.6,No,87.0,5.9,Good,3,High School,Average,4,Yes,0.6368563685636857,"(15, 20]"
389,S1389,0.0,Male,5.3,5.0,1.8,No,84.9,4.8,Poor,2,High School,Average,8,No,0.7235772357723578,"(15, 20]"
390,S1390,0.2857142857142856,Female,3.3,0.6,1.2,Yes,79.8,5.9,Good,2,High School,Good,10,No,0.6341463414634148,"(15, 20]"
391,S1391,0.2857142857142856,Female,3.2,0.2,0.1,Yes,87.2,7.2,Good,4,,Average,3,No,0.6287262872628727,"(15, 20]"
392,S1392,1.0,Female,2.2,4.7,2.2,No,89.8,8.2,Good,0,High School,Poor,3,No,0.2574525745257454,"(20, 25]"
393,S1393,1.0,Male,2.3,3.0,4.6,No,67.5,6.6,Fair,3,Bachelor,Average,9,No,0.3468834688346884,"(20, 25]"
394,S1394,0.2857142857142856,Female,3.2,1.5,0.0,No,79.6,8.1,Good,5,Bachelor,Good,10,No,0.89159891598916,"(15, 20]"
395,S1395,0.4285714285714284,Male,4.1,3.1,1.8,No,82.5,4.9,Fair,4,High School,Good,8,No,0.6991869918699187,"(15, 20]"
396,S1396,1.0,Male,4.9,0.0,2.5,Yes,87.6,6.0,Fair,5,Master,Average,1,No,0.962059620596206,"(20, 25]"
397,S1397,0.7142857142857144,Female,2.3,2.5,1.9,Yes,96.9,6.2,Fair,4,Bachelor,Good,10,Yes,0.6192411924119243,"(20, 25]"
398,S1398,1.0,Male,5.7,2.9,1.7,No,77.3,6.4,Good,0,Master,Good,2,Yes,0.5813008130081301,"(20, 25]"
399,S1399,0.0,Male,3.1,3.6,0.4,No,80.0,6.6,Poor,3,Bachelor,Good,3,Yes,0.4525745257452575,"(15, 20]"
400,S1400,1.0,Male,3.5,1.3,2.1,No,79.9,7.3,Fair,0,Bachelor,Good,2,No,0.4634146341463415,"(20, 25]"
401,S1401,0.4285714285714284,Male,2.4,2.6,1.0,No,77.0,6.0,Good,2,,Good,3,Yes,0.29945799457994576,"(15, 20]"
402,S1402,0.2857142857142856,Male,0.0,1.4,0.0,No,81.5,6.7,Good,5,High School,Good,8,Yes,0.3238482384823849,"(15, 20]"
403,S1403,0.0,Female,4.8,2.8,3.1,No,92.7,6.4,Fair,1,,Good,6,No,0.6598915989159893,"(15, 20]"
404,S1404,1.0,Male,4.6,1.4,2.9,Yes,74.5,5.4,Good,6,Bachelor,Average,7,Yes,0.8048780487804879,"(20, 25]"
405,S1405,0.4285714285714284,Female,3.1,2.0,1.9,No,89.3,6.4,Good,2,High School,Good,10,Yes,0.5311653116531168,"(15, 20]"
406,S1406,0.7142857142857144,Female,3.6,1.3,2.1,No,68.0,6.3,Poor,2,Bachelor,Good,10,Yes,0.7615176151761518,"(20, 25]"
407,S1407,1.0,Male,4.3,3.3,3.0,No,79.4,6.3,Fair,5,High School,Poor,6,Yes,0.556910569105691,"(20, 25]"
408,S1408,0.4285714285714284,Male,1.2,3.5,2.0,No,81.7,6.5,Poor,4,Bachelor,Good,1,No,0.1097560975609756,"(15, 20]"
409,S1409,0.7142857142857144,Male,2.7,2.2,2.8,No,100.0,6.6,Fair,2,High School,Average,3,No,0.3631436314363144,"(20, 25]"
410,S1410,0.2857142857142856,Female,4.7,2.5,1.5,No,82.3,6.0,Fair,6,High School,Average,1,No,0.7018970189701896,"(15, 20]"
411,S1411,1.0,Male,1.6,0.8,3.2,Yes,63.0,8.0,Good,3,High School,Good,10,No,0.4336043360433605,"(20, 25]"
412,S1412,0.7142857142857144,Female,3.9,2.1,2.2,No,65.0,5.1,Good,2,High School,Average,9,No,0.6436314363143631,"(20, 25]"
413,S1413,0.0,Male,1.5,2.4,2.0,Yes,85.3,5.6,Poor,3,High School,Average,9,No,0.46205962059620603,"(15, 20]"
414,S1414,0.2857142857142856,Female,4.2,5.6,0.4,No,91.1,9.8,Poor,0,Bachelor,Poor,5,Yes,0.7113821138211383,"(15, 20]"
415,S1415,0.0,Male,3.4,1.2,2.1,Yes,88.8,5.3,Fair,4,,Average,4,Yes,0.570460704607046,"(15, 20]"
416,S1416,0.5714285714285716,Male,1.1,4.3,0.9,No,86.7,4.9,Fair,3,High School,Average,9,No,0.3211382113821139,"(20, 25]"
417,S1417,0.1428571428571428,Female,5.2,3.7,1.1,No,96.6,7.4,Fair,2,Bachelor,Average,9,Yes,1.0,"(15, 20]"
418,S1418,1.0,Female,2.4,2.8,0.9,No,79.6,4.0,Good,4,,Average,3,Yes,0.386178861788618,"(20, 25]"
419,S1419,0.7142857142857144,Male,2.3,4.6,0.6,No,93.9,6.2,Good,6,Master,Good,5,No,0.440379403794038,"(20, 25]"
420,S1420,0.1428571428571428,Female,3.8,2.9,4.1,Yes,68.7,9.1,Fair,4,Master,Good,3,No,0.6043360433604337,"(15, 20]"
421,S1421,0.1428571428571428,Female,5.2,3.0,3.3,No,76.0,4.6,Good,3,,Poor,10,Yes,0.8252032520325203,"(15, 20]"
422,S1422,0.7142857142857144,Female,2.0,2.4,3.9,No,66.9,4.1,Fair,3,High School,Good,2,Yes,0.044715447154471566,"(20, 25]"
423,S1423,0.2857142857142856,Female,3.6,4.0,0.5,No,82.3,4.7,Good,1,High School,Poor,1,No,0.3658536585365854,"(15, 20]"
424,S1424,1.0,Male,4.1,3.8,1.9,Yes,84.5,7.6,Fair,1,Bachelor,Poor,10,No,0.6341463414634148,"(20, 25]"
425,S1425,0.5714285714285716,Male,4.5,1.7,0.4,No,86.1,7.8,Poor,4,Bachelor,Poor,2,Yes,0.60840108401084,"(20, 25]"
426,S1426,0.0,Male,3.8,0.9,1.0,No,85.6,5.9,Good,5,Bachelor,Good,8,No,0.7411924119241193,"(15, 20]"
427,S1427,0.4285714285714284,Female,2.9,2.3,0.8,Yes,75.7,7.3,Fair,5,Bachelor,Good,8,No,0.6626016260162602,"(15, 20]"
428,S1428,0.0,Female,2.3,1.5,3.2,No,83.1,8.2,Good,1,High School,Average,3,No,0.35501355013550134,"(15, 20]"
429,S1429,0.4285714285714284,Male,3.6,2.4,1.4,No,70.0,8.6,Fair,2,Bachelor,Average,7,No,0.5609756097560976,"(15, 20]"
430,S1430,0.0,Male,1.9,4.0,3.0,No,98.6,6.2,Poor,0,Bachelor,Average,7,Yes,0.12872628726287272,"(15, 20]"
431,S1431,0.7142857142857144,Female,0.0,2.0,2.5,No,82.0,3.7,Poor,4,Bachelor,Average,2,No,0.050135501355013545,"(20, 25]"
432,S1432,0.5714285714285716,Other,4.2,2.4,4.3,No,80.1,5.5,Fair,0,Master,Good,9,No,0.6029810298102982,"(20, 25]"
433,S1433,1.0,Female,4.9,2.6,0.2,No,100.0,6.0,Good,1,Bachelor,Average,3,Yes,0.8550135501355014,"(20, 25]"
434,S1434,0.4285714285714284,Male,0.0,3.5,3.2,No,72.6,6.2,Fair,3,High School,Good,2,No,0.0,"(15, 20]"
435,S1435,1.0,Male,2.0,0.0,3.1,No,73.7,6.3,Good,6,High School,Average,3,Yes,0.43495934959349597,"(20, 25]"
436,S1436,1.0,Male,4.4,1.8,0.7,No,74.0,7.8,Good,4,High School,Good,2,Yes,0.7073170731707319,"(20, 25]"
437,S1437,1.0,Female,6.6,2.8,2.9,No,84.3,8.0,Good,1,,Good,8,No,1.0,"(20, 25]"
438,S1438,0.8571428571428572,Male,3.5,3.9,2.2,No,89.3,6.3,Fair,2,Master,Average,5,Yes,0.5501355013550135,"(20, 25]"
439,S1439,0.2857142857142856,Female,2.4,1.9,1.5,No,92.4,7.8,Good,6,High School,Good,3,No,0.5094850948509486,"(15, 20]"
440,S1440,0.0,Male,3.2,0.2,0.9,No,100.0,6.9,Fair,4,Bachelor,Good,5,No,0.6761517615176151,"(15, 20]"
441,S1441,1.0,Female,5.6,3.2,1.0,No,62.5,6.6,Fair,4,Bachelor,Average,8,No,0.7655826558265584,"(20, 25]"
442,S1442,0.0,Female,2.5,1.7,4.1,No,91.1,7.6,Poor,5,,Average,7,No,0.5257452574525745,"(15, 20]"
443,S1443,1.0,Female,2.3,1.1,1.8,Yes,79.4,6.6,Fair,3,Master,Good,6,No,0.5501355013550135,"(20, 25]"
444,S1444,0.4285714285714284,Male,2.8,1.8,2.7,No,79.1,9.0,Poor,4,Master,Average,1,Yes,0.5243902439024393,"(15, 20]"
445,S1445,0.2857142857142856,Male,2.1,2.3,0.9,No,78.8,4.8,Good,3,Bachelor,Poor,10,No,0.5,"(15, 20]"
446,S1446,0.2857142857142856,Male,3.7,1.8,0.9,Yes,75.9,5.9,Fair,1,High School,Average,1,No,0.4078590785907859,"(15, 20]"
447,S1447,0.7142857142857144,Female,5.9,0.0,3.0,No,100.0,6.3,Fair,2,High School,Good,1,Yes,0.9132791327913279,"(20, 25]"
448,S1448,0.8571428571428572,Female,4.0,3.6,0.3,No,93.4,7.0,Good,6,High School,Good,10,Yes,0.8902439024390245,"(20, 25]"
449,S1449,0.7142857142857144,Female,3.1,4.0,1.3,No,85.2,8.0,Fair,6,High School,Good,8,Yes,0.6476964769647697,"(20, 25]"
450,S1450,0.7142857142857144,Female,3.1,3.3,1.8,No,98.5,6.5,Fair,2,Bachelor,Average,8,No,0.49457994579945813,"(20, 25]"
451,S1451,0.7142857142857144,Female,1.2,1.1,1.9,No,69.9,4.8,Poor,4,Master,Poor,7,No,0.43902439024390255,"(20, 25]"
452,S1452,0.7142857142857144,Male,4.8,2.3,1.6,Yes,71.7,7.5,Good,4,Bachelor,Good,6,No,0.8550135501355014,"(20, 25]"
453,S1453,0.7142857142857144,Female,3.4,2.5,2.2,No,63.2,7.4,Poor,1,Master,Good,4,No,0.5040650406504066,"(20, 25]"
454,S1454,0.5714285714285716,Male,3.2,3.2,2.6,Yes,78.0,4.2,Fair,5,Bachelor,Poor,1,No,0.27777777777777785,"(20, 25]"
455,S1455,0.2857142857142856,Male,8.3,3.3,2.6,Yes,86.6,6.5,Fair,5,High School,Average,9,No,1.0,"(15, 20]"
456,S1456,0.7142857142857144,Female,3.9,1.6,0.7,Yes,86.0,4.6,Good,5,Master,Poor,1,No,0.5758807588075883,"(20, 25]"
457,S1457,1.0,Male,2.4,2.6,1.5,No,86.5,5.7,Good,3,High School,Good,4,No,0.443089430894309,"(20, 25]"
458,S1458,0.2857142857142856,Male,2.9,3.0,3.1,No,70.9,5.4,Good,5,Master,Good,3,No,0.4444444444444445,"(15, 20]"
459,S1459,0.2857142857142856,Female,5.2,4.2,2.8,Yes,93.0,7.5,Poor,2,High School,Good,7,No,0.7005420054200544,"(15, 20]"
460,S1460,0.1428571428571428,Male,3.7,3.3,0.3,Yes,87.4,6.6,Fair,6,High School,Good,5,No,0.6246612466124661,"(15, 20]"
461,S1461,0.5714285714285716,Female,1.3,3.4,2.2,No,92.3,5.0,Fair,6,Master,Poor,5,No,0.3184281842818429,"(20, 25]"
462,S1462,0.7142857142857144,Male,4.9,2.6,0.0,Yes,66.1,7.6,Poor,3,Bachelor,Good,4,No,0.7411924119241193,"(20, 25]"
463,S1463,0.0,Male,2.5,4.2,1.9,Yes,88.1,4.8,Fair,1,Master,Good,1,No,0.24796747967479676,"(15, 20]"
464,S1464,0.4285714285714284,Male,6.3,3.0,3.9,Yes,73.1,6.9,Fair,2,Master,Average,5,No,0.8008130081300813,"(15, 20]"
465,S1465,0.8571428571428572,Male,5.1,1.5,0.8,No,81.0,5.5,Fair,6,,Good,4,No,0.7723577235772359,"(20, 25]"
466,S1466,1.0,Female,2.8,4.2,0.9,No,90.3,6.1,Good,2,Bachelor,Average,10,No,0.4539295392953931,"(20, 25]"
467,S1467,0.0,Male,5.4,3.3,2.6,No,85.9,7.1,Fair,6,High School,Good,8,No,0.9742547425474255,"(15, 20]"
468,S1468,0.5714285714285716,Female,3.6,2.0,0.1,No,76.5,7.1,Good,0,Bachelor,Good,2,Yes,0.5501355013550135,"(20, 25]"
469,S1469,0.4285714285714284,Male,4.8,1.9,1.1,No,85.1,8.1,Fair,1,Bachelor,Good,8,Yes,0.9471544715447153,"(15, 20]"
470,S1470,0.5714285714285716,Female,4.2,2.9,2.5,No,69.7,6.4,Fair,1,High School,Good,1,No,0.4634146341463415,"(20, 25]"
471,S1471,1.0,Female,2.2,3.1,1.1,No,96.5,6.9,Fair,0,Bachelor,Poor,4,No,0.10298102981029811,"(20, 25]"
472,S1472,0.2857142857142856,Female,2.5,2.7,1.5,No,82.9,6.0,Poor,3,Bachelor,Average,3,No,0.405149051490515,"(15, 20]"
473,S1473,0.4285714285714284,Male,5.0,2.9,2.6,No,96.2,6.7,Poor,6,High School,Average,5,No,0.7371273712737128,"(15, 20]"
474,S1474,0.2857142857142856,Male,3.0,4.5,2.3,Yes,79.7,7.0,Fair,6,Bachelor,Good,5,No,0.35772357723577247,"(15, 20]"
475,S1475,1.0,Male,2.9,3.8,2.1,No,79.8,6.4,Good,6,Bachelor,Good,5,Yes,0.3509485094850949,"(20, 25]"
476,S1476,0.0,Female,2.1,2.7,1.4,No,77.4,4.3,Good,5,Master,Good,4,Yes,0.1856368563685637,"(15, 20]"
477,S1477,1.0,Male,4.1,3.6,2.2,No,93.8,6.9,Poor,5,High School,Poor,8,No,0.7831978319783197,"(20, 25]"
478,S1478,0.0,Female,6.6,1.3,1.7,No,77.9,6.9,Good,5,High School,Good,3,Yes,0.9688346883468835,"(15, 20]"
479,S1479,0.4285714285714284,Female,1.9,3.0,2.3,No,91.4,5.7,Good,5,Bachelor,Good,4,No,0.23170731707317077,"(15, 20]"
480,S1480,0.4285714285714284,Male,3.5,4.7,1.3,Yes,81.2,5.0,Good,5,,Good,1,No,0.402439024390244,"(15, 20]"
481,S1481,0.7142857142857144,Female,5.6,2.2,1.6,No,65.2,8.3,Good,0,Master,Poor,7,No,0.7913279132791327,"(20, 25]"
482,S1482,0.5714285714285716,Male,3.4,1.5,0.7,No,79.3,7.1,Fair,1,,Poor,1,No,0.5528455284552847,"(20, 25]"
483,S1483,0.7142857142857144,Male,4.2,1.7,1.8,No,73.2,6.2,Fair,3,Bachelor,Poor,2,No,0.6747967479674797,"(20, 25]"
484,S1484,0.5714285714285716,Female,1.9,1.2,0.9,No,85.3,5.1,Fair,2,Bachelor,Good,7,Yes,0.41598915989159896,"(20, 25]"
485,S1485,0.7142857142857144,Female,4.1,1.6,0.6,No,73.1,5.5,Fair,5,High School,Good,1,No,0.6951219512195121,"(20, 25]"
486,S1486,0.2857142857142856,Female,3.2,2.1,2.1,No,94.3,8.1,Fair,0,,Good,3,No,0.5853658536585367,"(15, 20]"
487,S1487,0.4285714285714284,Male,5.0,0.8,2.0,No,84.1,6.7,Fair,6,Bachelor,Average,6,Yes,0.9268292682926829,"(15, 20]"
488,S1488,0.0,Male,5.3,2.5,2.7,Yes,83.2,5.8,Good,3,Bachelor,Average,6,Yes,0.910569105691057,"(15, 20]"
489,S1489,0.5714285714285716,Female,7.4,3.6,1.3,No,91.6,7.1,Good,3,High School,Good,6,Yes,1.0,"(20, 25]"
490,S1490,1.0,Female,4.4,1.4,2.2,No,94.6,5.5,Good,3,Master,Good,2,Yes,0.5067750677506775,"(20, 25]"
491,S1491,0.5714285714285716,Female,4.0,4.3,2.4,No,84.8,8.3,Good,0,High School,Good,2,No,0.3631436314363144,"(20, 25]"
492,S1492,0.0,Male,3.8,3.1,2.3,No,77.3,8.1,Good,2,High School,Good,6,No,0.5636856368563685,"(15, 20]"
493,S1493,0.7142857142857144,Female,3.0,3.7,0.9,No,67.3,5.9,Poor,5,Bachelor,Average,10,No,0.6463414634146343,"(20, 25]"
494,S1494,0.5714285714285716,Male,4.0,1.7,2.0,No,78.1,5.7,Fair,3,High School,Good,5,No,0.5460704607046072,"(20, 25]"
495,S1495,0.8571428571428572,Male,3.1,3.5,2.2,No,78.8,3.4,Fair,0,Master,Good,7,No,0.3211382113821139,"(20, 25]"
496,S1496,0.2857142857142856,Female,3.8,1.2,1.8,No,86.1,4.7,Good,6,High School,Average,7,No,0.6463414634146343,"(15, 20]"
497,S1497,0.4285714285714284,Male,5.5,3.6,0.0,No,81.5,4.9,Fair,1,,Average,5,No,0.7330623306233062,"(15, 20]"
498,S1498,0.0,Female,2.0,2.7,2.0,No,91.9,6.7,Good,6,High School,Average,8,No,0.6165311653116532,"(15, 20]"
499,S1499,0.4285714285714284,Male,5.2,3.2,4.2,Yes,78.9,6.1,Poor,0,Bachelor,Poor,10,No,0.7737127371273713,"(15, 20]"
500,S1500,0.8571428571428572,Male,5.5,1.1,1.4,No,84.4,4.9,Fair,0,Bachelor,Good,6,No,0.7899728997289974,"(20, 25]"
501,S1501,0.5714285714285716,Female,3.3,1.4,1.0,No,96.8,6.2,Good,0,Bachelor,Poor,5,No,0.6598915989159893,"(20, 25]"
502,S1502,0.5714285714285716,Female,0.3,3.2,2.2,No,88.4,7.1,Poor,3,,Average,4,Yes,0.10569105691056913,"(20, 25]"
503,S1503,1.0,Female,2.6,1.4,2.1,Yes,84.4,7.1,Fair,0,High School,Average,7,No,0.4986449864498646,"(20, 25]"
504,S1504,0.8571428571428572,Female,5.4,3.1,3.1,No,79.0,4.2,Fair,1,Bachelor,Good,4,No,0.7005420054200544,"(20, 25]"
505,S1505,0.0,Female,3.5,0.9,0.4,No,78.7,6.3,Fair,3,,Average,5,Yes,0.6327913279132793,"(15, 20]"
506,S1506,1.0,Female,2.0,3.5,2.6,No,76.5,4.8,Good,6,Master,Good,5,No,0.3658536585365854,"(20, 25]"
507,S1507,0.2857142857142856,Female,2.7,1.0,2.4,No,79.6,7.6,Fair,1,,Poor,1,No,0.421409214092141,"(15, 20]"
508,S1508,1.0,Male,4.8,3.2,1.6,No,92.6,7.4,Fair,4,Bachelor,Poor,1,Yes,0.6829268292682926,"(20, 25]"
509,S1509,0.1428571428571428,Female,4.3,3.3,2.2,No,82.8,5.4,Poor,6,High School,Average,3,No,0.5203252032520325,"(15, 20]"
510,S1510,0.0,Male,3.1,1.7,2.9,Yes,71.5,5.6,Good,0,Bachelor,Average,3,Yes,0.3373983739837399,"(15, 20]"
511,S1511,0.1428571428571428,Other,2.9,3.2,2.8,No,100.0,5.9,Fair,5,High School,Average,2,No,0.4986449864498646,"(15, 20]"
512,S1512,0.8571428571428572,Female,2.9,2.8,0.5,No,88.2,3.8,Good,5,,Poor,2,Yes,0.4796747967479676,"(20, 25]"
513,S1513,0.7142857142857144,Male,2.1,1.9,2.7,Yes,70.9,6.9,Good,3,High School,Good,6,No,0.491869918699187,"(20, 25]"
514,S1514,0.1428571428571428,Female,5.9,1.3,1.7,No,80.6,6.2,Fair,5,High School,Good,1,Yes,0.8252032520325203,"(15, 20]"
515,S1515,0.2857142857142856,Female,3.0,0.1,1.9,No,86.1,7.7,Good,6,High School,Poor,6,Yes,0.7628726287262872,"(15, 20]"
516,S1516,1.0,Male,5.3,2.9,1.9,No,100.0,5.2,Good,3,Bachelor,Poor,5,Yes,0.7411924119241193,"(20, 25]"
517,S1517,0.7142857142857144,Female,5.8,0.6,1.6,No,73.9,5.8,Fair,6,Bachelor,Good,6,No,1.0,"(20, 25]"
518,S1518,1.0,Female,5.0,2.6,3.1,No,94.8,4.7,Poor,0,Bachelor,Good,5,No,0.7235772357723578,"(20, 25]"
519,S1519,0.1428571428571428,Male,2.9,2.2,1.7,Yes,99.0,5.3,Good,2,Bachelor,Average,7,No,0.6097560975609757,"(15, 20]"
520,S1520,1.0,Female,4.1,3.3,0.6,Yes,78.7,5.1,Good,2,Bachelor,Good,1,No,0.49457994579945813,"(20, 25]"
521,S1521,0.8571428571428572,Male,3.5,2.1,1.4,No,82.2,7.7,Fair,1,High School,Good,3,No,0.5149051490514907,"(20, 25]"
522,S1522,0.7142857142857144,Female,2.1,2.1,2.0,No,74.6,5.7,Fair,0,High School,Good,6,Yes,0.24254742547425484,"(20, 25]"
523,S1523,0.8571428571428572,Other,4.0,3.4,3.2,No,83.0,6.6,Good,5,High School,Average,1,No,0.48102981029810304,"(20, 25]"
524,S1524,0.1428571428571428,Female,1.7,2.9,2.5,No,84.6,6.0,Good,0,Bachelor,Average,7,Yes,0.1856368563685637,"(15, 20]"
525,S1525,0.8571428571428572,Male,5.3,2.9,0.9,No,91.6,5.0,Good,4,High School,Poor,4,No,0.7845528455284552,"(20, 25]"
526,S1526,0.2857142857142856,Female,2.8,3.1,4.5,No,95.9,6.3,Fair,2,,Good,3,No,0.19647696476964777,"(15, 20]"
527,S1527,0.1428571428571428,Female,3.8,0.7,2.1,No,77.5,7.2,Good,5,Bachelor,Good,10,No,0.7533875338753386,"(15, 20]"
528,S1528,0.1428571428571428,Male,3.9,3.4,3.2,No,65.3,5.1,Fair,6,High School,Average,9,Yes,0.6883468834688347,"(15, 20]"
529,S1529,0.1428571428571428,Female,3.1,3.2,1.6,No,84.8,7.5,Fair,6,Master,Good,1,No,0.5352303523035231,"(15, 20]"
530,S1530,0.0,Male,4.4,1.3,2.4,No,87.9,5.5,Good,2,Master,Good,8,Yes,0.7411924119241193,"(15, 20]"
531,S1531,1.0,Female,2.8,2.2,2.7,No,87.5,5.9,Good,0,,Good,1,Yes,0.28726287262872635,"(20, 25]"
532,S1532,0.0,Male,4.8,2.5,3.1,Yes,81.7,7.1,Fair,5,High School,Good,5,Yes,0.7696476964769647,"(15, 20]"
533,S1533,0.0,Male,1.5,2.3,3.0,No,86.2,5.7,Fair,1,High School,Good,10,No,0.3794037940379405,"(15, 20]"
534,S1534,0.2857142857142856,Male,3.7,2.9,2.8,No,100.0,6.5,Good,6,Bachelor,Average,8,No,0.7628726287262872,"(15, 20]"
535,S1535,0.7142857142857144,Female,6.4,4.2,1.5,Yes,88.8,6.1,Fair,0,High School,Good,6,No,0.7967479674796749,"(20, 25]"
536,S1536,1.0,Male,2.0,3.8,1.2,No,81.3,6.7,Good,1,Bachelor,Good,7,Yes,0.19241192411924118,"(20, 25]"
537,S1537,0.8571428571428572,Female,2.5,0.9,2.2,Yes,80.0,3.6,Good,5,Bachelor,Average,8,No,0.443089430894309,"(20, 25]"
538,S1538,0.5714285714285716,Male,4.3,3.2,2.8,No,83.3,4.3,Poor,2,High School,Poor,6,No,0.5596205962059622,"(20, 25]"
539,S1539,0.1428571428571428,Male,3.8,4.1,1.6,No,100.0,7.2,Good,4,,Good,6,Yes,0.7425474254742548,"(15, 20]"
540,S1540,0.8571428571428572,Female,4.0,3.0,3.0,No,83.2,7.7,Good,3,Bachelor,Average,6,Yes,0.6571815718157181,"(20, 25]"
541,S1541,0.1428571428571428,Female,4.2,3.8,3.4,Yes,84.8,5.4,Good,2,High School,Good,5,No,0.5582655826558267,"(15, 20]"
542,S1542,0.2857142857142856,Male,4.5,4.9,0.8,No,80.2,6.2,Good,1,Bachelor,Poor,8,No,0.6233062330623307,"(15, 20]"
543,S1543,0.1428571428571428,Female,5.2,3.7,0.9,No,96.0,6.9,Good,0,High School,Poor,2,No,0.6897018970189701,"(15, 20]"
544,S1544,0.0,Female,4.1,2.8,1.6,No,100.0,7.3,Poor,6,Bachelor,Average,7,No,0.8360433604336044,"(15, 20]"
545,S1545,1.0,Female,3.1,3.8,2.1,No,89.5,4.1,Fair,5,Master,Average,4,Yes,0.37804878048780494,"(20, 25]"
546,S1546,0.5714285714285716,Male,4.5,2.7,1.2,Yes,85.8,5.4,Good,2,Master,Good,1,Yes,0.49728997289972904,"(20, 25]"
547,S1547,0.4285714285714284,Male,6.3,2.5,3.3,No,85.4,6.1,Fair,6,High School,Good,5,No,0.9403794037940378,"(15, 20]"
548,S1548,0.1428571428571428,Female,3.3,2.1,2.3,No,61.2,7.3,Poor,6,High School,Poor,3,No,0.5542005420054201,"(15, 20]"
549,S1549,0.8571428571428572,Male,2.0,4.4,1.8,No,92.5,9.5,Good,4,Bachelor,Average,4,No,0.34281842818428193,"(20, 25]"
550,S1550,0.0,Female,5.2,1.5,0.2,Yes,86.3,6.2,Good,5,High School,Average,7,No,0.9715447154471546,"(15, 20]"
551,S1551,0.4285714285714284,Female,3.3,4.3,0.4,Yes,89.3,4.8,Poor,1,High School,Average,5,No,0.5528455284552847,"(15, 20]"
552,S1552,0.5714285714285716,Female,0.2,3.1,2.1,Yes,77.9,7.0,Good,5,Master,Good,4,Yes,0.07181571815718163,"(20, 25]"
553,S1553,0.4285714285714284,Female,4.8,0.8,0.0,No,81.2,8.1,Good,5,High School,Average,1,No,0.8373983739837398,"(15, 20]"
554,S1554,0.0,Other,2.7,2.9,2.9,No,80.9,6.6,Fair,0,,Poor,6,No,0.36856368563685643,"(15, 20]"
555,S1555,1.0,Male,3.4,0.0,1.6,No,95.2,5.4,Good,3,,Average,10,Yes,0.7750677506775068,"(20, 25]"
556,S1556,1.0,Female,4.0,3.3,5.4,No,81.2,7.6,Fair,6,Bachelor,Poor,6,No,0.7154471544715448,"(20, 25]"
557,S1557,0.7142857142857144,Male,3.8,3.6,4.3,No,100.0,7.3,Poor,1,Bachelor,Poor,7,Yes,0.5921409214092141,"(20, 25]"
558,S1558,1.0,Male,4.6,1.8,1.6,No,89.3,5.3,Fair,0,High School,Average,1,Yes,0.459349593495935,"(20, 25]"
559,S1559,0.7142857142857144,Female,2.8,2.6,1.7,No,72.2,7.0,Fair,6,High School,Good,4,No,0.5975609756097562,"(20, 25]"
560,S1560,0.4285714285714284,Female,4.3,4.8,2.9,Yes,83.7,7.7,Fair,3,High School,Good,9,No,0.7262872628726287,"(15, 20]"
561,S1561,0.2857142857142856,Other,3.1,1.9,3.7,No,78.5,7.9,Good,0,Bachelor,Good,10,Yes,0.5474254742547426,"(15, 20]"
562,S1562,0.8571428571428572,Female,4.6,1.2,0.0,No,63.1,6.4,Good,3,,Average,6,No,0.8875338753387534,"(20, 25]"
563,S1563,0.8571428571428572,Male,4.4,4.3,0.0,Yes,100.0,6.1,Fair,3,Master,Average,2,No,0.5948509485094851,"(20, 25]"
564,S1564,0.4285714285714284,Male,2.1,4.9,1.1,No,92.0,8.0,Good,3,High School,Average,4,No,0.478319783197832,"(15, 20]"
565,S1565,0.1428571428571428,Female,5.1,2.5,2.4,No,90.3,5.0,Poor,0,Master,Good,6,No,0.7195121951219512,"(15, 20]"
566,S1566,0.1428571428571428,Male,2.7,3.7,2.3,No,86.7,7.0,Poor,5,High School,Good,4,Yes,0.5108401084010841,"(15, 20]"
567,S1567,1.0,Male,4.7,4.1,3.0,No,71.2,4.9,Good,3,Bachelor,Poor,10,Yes,0.9065040650406504,"(20, 25]"
568,S1568,0.8571428571428572,Male,4.1,1.6,0.5,No,80.2,7.8,Poor,5,High School,Poor,7,Yes,0.8617886178861789,"(20, 25]"
569,S1569,0.8571428571428572,Male,6.3,1.9,0.0,No,93.4,6.2,Fair,6,,Good,3,Yes,1.0,"(20, 25]"
570,S1570,0.7142857142857144,Male,3.2,4.0,2.7,No,74.5,8.0,Good,6,Master,Good,6,Yes,0.4823848238482385,"(20, 25]"
571,S1571,0.2857142857142856,Male,3.0,4.5,0.9,No,59.7,7.1,Fair,1,Master,Good,4,Yes,0.34281842818428193,"(15, 20]"
572,S1572,0.0,Male,3.5,3.2,0.0,No,82.7,5.0,Good,4,High School,Good,3,No,0.4634146341463415,"(15, 20]"
573,S1573,0.1428571428571428,Male,3.0,1.4,2.0,No,83.6,8.2,Fair,5,Bachelor,Good,3,No,0.5555555555555556,"(15, 20]"
574,S1574,0.8571428571428572,Other,4.7,4.9,2.7,No,86.4,8.4,Poor,6,Bachelor,Average,2,No,0.8590785907859078,"(20, 25]"
575,S1575,0.7142857142857144,Male,1.1,1.9,1.7,No,92.3,7.6,Fair,4,Master,Good,3,Yes,0.29945799457994576,"(20, 25]"
576,S1576,0.5714285714285716,Male,1.9,2.1,1.3,No,91.4,5.6,Fair,3,High School,Good,10,No,0.48102981029810304,"(20, 25]"
577,S1577,0.7142857142857144,Female,1.9,2.9,1.6,Yes,87.6,6.1,Fair,4,Bachelor,Good,1,Yes,0.2466124661246613,"(20, 25]"
578,S1578,0.1428571428571428,Male,4.9,4.4,1.4,Yes,97.0,6.7,Fair,4,High School,Average,3,No,0.6910569105691058,"(15, 20]"
579,S1579,0.1428571428571428,Female,6.1,3.5,0.3,Yes,69.8,5.7,Good,3,High School,Average,9,Yes,1.0,"(15, 20]"
580,S1580,0.7142857142857144,Female,3.3,3.0,1.0,No,90.0,8.5,Good,5,Master,Average,4,No,0.6341463414634148,"(20, 25]"
581,S1581,0.0,Male,3.2,3.1,2.4,No,91.3,6.7,Fair,3,High School,Average,3,No,0.5731707317073171,"(15, 20]"
582,S1582,0.4285714285714284,Male,3.6,2.6,2.2,No,72.6,3.3,Fair,1,High School,Good,8,No,0.47154471544715454,"(15, 20]"
583,S1583,0.1428571428571428,Female,5.2,3.2,2.0,No,70.0,6.9,Fair,2,Bachelor,Poor,1,Yes,0.6002710027100271,"(15, 20]"
584,S1584,0.7142857142857144,Female,2.1,0.0,0.7,No,77.5,6.1,Good,0,Bachelor,Average,5,No,0.3563685636856369,"(20, 25]"
585,S1585,0.8571428571428572,Male,3.9,2.1,1.6,No,78.4,6.4,Good,3,High School,Good,1,No,0.4959349593495935,"(20, 25]"
586,S1586,0.7142857142857144,Female,5.0,2.8,0.0,Yes,92.5,6.1,Fair,3,High School,Poor,7,Yes,0.7764227642276422,"(20, 25]"
587,S1587,0.2857142857142856,Male,4.3,1.1,2.0,No,78.9,7.5,Good,4,Master,Average,5,No,0.6124661246612468,"(15, 20]"
588,S1588,0.4285714285714284,Other,3.8,3.0,3.4,No,76.4,7.8,Fair,1,High School,Average,2,No,0.478319783197832,"(15, 20]"
589,S1589,0.5714285714285716,Male,5.0,2.3,0.2,No,78.9,6.8,Poor,6,Bachelor,Good,1,No,0.6666666666666667,"(20, 25]"
590,S1590,0.0,Female,0.0,4.6,1.2,No,96.2,6.1,Poor,6,Bachelor,Average,7,No,0.2140921409214092,"(15, 20]"
591,S1591,1.0,Female,4.5,4.4,2.2,No,85.1,6.5,Fair,4,High School,Good,1,No,0.5121951219512195,"(20, 25]"
592,S1592,0.5714285714285716,Female,2.5,1.9,3.2,Yes,83.2,6.5,Fair,5,Master,Average,3,No,0.459349593495935,"(20, 25]"
593,S1593,0.4285714285714284,Female,0.8,2.3,1.3,Yes,83.9,5.5,Poor,3,Bachelor,Good,6,No,0.11517615176151769,"(15, 20]"
594,S1594,0.4285714285714284,Male,4.3,2.4,1.0,Yes,97.9,7.2,Good,3,High School,Average,6,No,0.8373983739837398,"(15, 20]"
595,S1595,0.4285714285714284,Male,5.6,2.0,0.0,No,77.5,7.1,Fair,4,Bachelor,Average,7,No,1.0,"(15, 20]"
596,S1596,0.5714285714285716,Male,3.3,2.7,1.9,No,98.2,8.3,Fair,3,Bachelor,Poor,1,No,0.5406504065040649,"(20, 25]"
597,S1597,0.8571428571428572,Male,4.9,1.6,4.0,No,87.1,8.0,Fair,5,Bachelor,Poor,7,No,0.9390243902439024,"(20, 25]"
598,S1598,0.4285714285714284,Female,5.9,1.1,2.1,Yes,83.4,5.7,Poor,2,Master,Average,2,Yes,0.8157181571815719,"(15, 20]"
599,S1599,0.7142857142857144,Male,5.5,3.2,1.8,No,100.0,7.5,Fair,0,High School,Poor,6,No,0.6924119241192412,"(20, 25]"
600,S1600,0.5714285714285716,Male,6.0,3.3,2.2,No,74.4,5.4,Fair,0,High School,Average,8,Yes,0.8672086720867209,"(20, 25]"
601,S1601,1.0,Other,4.6,1.5,1.8,No,81.5,7.3,Fair,0,High School,Good,5,Yes,0.7317073170731707,"(20, 25]"
602,S1602,0.4285714285714284,Female,3.6,3.6,0.9,No,72.7,5.9,Poor,2,,Average,10,Yes,0.6327913279132793,"(15, 20]"
603,S1603,0.7142857142857144,Female,1.1,1.7,2.7,No,94.5,5.3,Fair,3,,Average,3,No,0.13008130081300812,"(20, 25]"
604,S1604,0.8571428571428572,Other,3.1,2.8,2.0,No,100.0,6.8,Poor,4,Master,Good,8,Yes,0.6314363143631436,"(20, 25]"
605,S1605,0.2857142857142856,Male,2.2,3.5,1.8,No,100.0,3.3,Good,6,Bachelor,Good,8,No,0.5609756097560976,"(15, 20]"
606,S1606,0.8571428571428572,Male,6.8,2.5,0.7,No,97.2,4.4,Good,1,Bachelor,Poor,4,No,0.9065040650406504,"(20, 25]"
607,S1607,1.0,Female,3.2,3.0,3.2,No,83.0,6.3,Poor,3,Bachelor,Average,8,Yes,0.424119241192412,"(20, 25]"
608,S1608,0.4285714285714284,Female,3.7,1.9,2.5,No,81.3,6.6,Fair,2,Bachelor,Good,5,Yes,0.4728997289972901,"(15, 20]"
609,S1609,1.0,Male,4.3,2.3,1.2,No,68.3,6.1,Poor,5,High School,Poor,5,No,0.6937669376693767,"(20, 25]"
610,S1610,0.5714285714285716,Female,3.6,2.3,2.9,No,100.0,4.6,Fair,2,Master,Good,3,No,0.5880758807588076,"(20, 25]"
611,S1611,0.1428571428571428,Male,6.0,1.6,1.3,No,89.7,5.5,Fair,6,High School,Poor,7,No,1.0,"(15, 20]"
612,S1612,0.4285714285714284,Male,2.6,2.3,0.9,No,80.1,7.0,Fair,0,Master,Good,9,No,0.5840108401084012,"(15, 20]"
613,S1613,0.1428571428571428,Female,3.8,0.6,1.0,No,98.3,7.2,Fair,3,Bachelor,Average,9,No,0.8062330623306233,"(15, 20]"
614,S1614,0.7142857142857144,Female,2.4,1.9,0.0,No,75.3,6.5,Good,6,High School,Good,1,No,0.3753387533875339,"(20, 25]"
615,S1615,0.2857142857142856,Female,1.5,2.2,2.3,No,89.1,7.9,Fair,0,Bachelor,Average,1,No,0.2371273712737128,"(15, 20]"
616,S1616,0.0,Male,2.6,2.2,0.0,No,83.3,7.0,Fair,1,Bachelor,Good,10,No,0.7195121951219512,"(15, 20]"
617,S1617,1.0,Female,3.4,2.2,0.4,No,91.4,5.6,Fair,5,High School,Poor,5,No,0.6111111111111112,"(20, 25]"
618,S1618,0.8571428571428572,Male,2.9,2.4,0.0,No,84.4,6.2,Good,0,Bachelor,Average,1,Yes,0.4769647696476966,"(20, 25]"
619,S1619,0.2857142857142856,Male,2.5,3.1,1.7,No,70.5,4.8,Good,1,High School,Good,4,No,0.2560975609756098,"(15, 20]"
620,S1620,0.4285714285714284,Female,1.4,3.5,1.6,No,85.8,6.4,Fair,2,,Average,1,No,0.18428184281842824,"(15, 20]"
621,S1621,0.1428571428571428,Female,3.4,1.7,1.4,No,95.5,7.8,Good,0,Master,Good,2,No,0.6029810298102982,"(15, 20]"
622,S1622,0.8571428571428572,Female,1.2,1.1,0.7,No,84.7,7.3,Fair,0,Bachelor,Average,2,Yes,0.1273712737127372,"(20, 25]"
623,S1623,0.1428571428571428,Female,4.6,1.2,0.5,No,92.8,8.2,Good,4,Master,Good,4,No,0.9051490514905149,"(15, 20]"
624,S1624,0.5714285714285716,Female,3.6,1.9,2.3,No,74.5,6.1,Good,5,Bachelor,Average,8,Yes,0.7723577235772359,"(20, 25]"
625,S1625,0.1428571428571428,Female,1.3,2.1,1.2,No,84.7,8.1,Poor,5,High School,Good,2,Yes,0.2764227642276424,"(15, 20]"
626,S1626,0.5714285714285716,Male,3.0,1.6,2.1,No,78.8,6.3,Good,6,Bachelor,Good,9,Yes,0.6043360433604337,"(20, 25]"
627,S1627,0.7142857142857144,Male,2.4,0.9,0.8,No,92.5,8.3,Fair,2,Bachelor,Average,9,No,0.7059620596205962,"(20, 25]"
628,S1628,0.8571428571428572,Male,4.0,2.0,2.0,No,85.3,6.5,Fair,4,Master,Good,2,Yes,0.6029810298102982,"(20, 25]"
629,S1629,0.8571428571428572,Male,5.5,2.7,3.2,Yes,91.9,7.3,Fair,6,High School,Good,1,No,0.7642276422764227,"(20, 25]"
630,S1630,0.0,Female,0.7,3.2,2.4,No,95.9,8.3,Good,1,Master,Average,10,Yes,0.3265582655826558,"(15, 20]"
631,S1631,0.4285714285714284,Female,3.7,1.8,1.3,No,91.9,6.3,Fair,6,Master,Good,10,No,0.7411924119241193,"(15, 20]"
632,S1632,0.5714285714285716,Male,3.3,2.0,2.1,No,87.7,6.8,Poor,1,Bachelor,Poor,9,Yes,0.6666666666666667,"(20, 25]"
633,S1633,0.0,Male,4.5,1.4,1.5,No,75.0,8.0,Good,2,Master,Good,2,Yes,0.7791327913279134,"(15, 20]"
634,S1634,0.1428571428571428,Female,3.8,2.5,1.8,No,85.0,6.3,Poor,5,High School,Average,8,No,0.6856368563685638,"(15, 20]"
635,S1635,0.1428571428571428,Male,2.4,1.5,1.4,No,79.7,4.9,Poor,1,Master,Poor,3,No,0.2655826558265583,"(15, 20]"
636,S1636,0.0,Female,3.0,3.2,1.6,No,81.6,9.1,Fair,2,Bachelor,Average,1,Yes,0.43631436314363153,"(15, 20]"
637,S1637,0.8571428571428572,Female,2.3,0.4,2.0,No,81.3,5.9,Fair,6,,Good,1,Yes,0.5975609756097562,"(20, 25]"
638,S1638,0.1428571428571428,Female,5.1,2.1,0.7,Yes,75.2,6.7,Fair,1,Master,Good,10,Yes,0.9918699186991871,"(15, 20]"
639,S1639,1.0,Female,3.5,2.9,0.7,No,65.4,7.9,Poor,3,High School,Good,2,No,0.49728997289972904,"(20, 25]"
640,S1640,0.7142857142857144,Female,6.4,2.7,0.3,Yes,78.3,5.8,Good,0,High School,Average,7,No,0.97289972899729,"(20, 25]"
641,S1641,0.7142857142857144,Male,3.4,5.7,0.0,No,86.9,5.3,Good,6,Bachelor,Poor,6,No,0.6571815718157181,"(20, 25]"
642,S1642,1.0,Female,2.4,2.9,0.5,No,71.5,6.8,Fair,5,High School,Good,2,Yes,0.3279132791327914,"(20, 25]"
643,S1643,0.0,Female,1.2,1.3,2.0,No,85.2,4.3,Fair,6,High School,Good,4,No,0.3143631436314363,"(15, 20]"
644,S1644,1.0,Male,0.8,2.4,0.8,No,100.0,6.2,Fair,3,Bachelor,Average,2,Yes,0.12330623306233063,"(20, 25]"
645,S1645,0.5714285714285716,Female,1.1,0.4,2.4,Yes,95.2,6.8,Good,2,,Average,1,Yes,0.2723577235772358,"(20, 25]"
646,S1646,0.5714285714285716,Female,3.9,2.4,1.8,No,100.0,6.2,Poor,2,High School,Average,3,No,0.5718157181571817,"(20, 25]"
647,S1647,0.0,Female,4.3,1.5,0.0,No,88.9,4.6,Poor,6,,Average,4,No,0.7859078590785908,"(15, 20]"
648,S1648,1.0,Female,1.1,3.6,2.5,No,96.7,8.4,Good,3,High School,Good,10,Yes,0.3848238482384824,"(20, 25]"
649,S1649,0.5714285714285716,Female,4.8,1.8,2.7,No,77.8,6.6,Fair,6,Bachelor,Average,5,No,0.8373983739837398,"(20, 25]"
650,S1650,0.8571428571428572,Female,2.8,2.4,0.7,No,78.6,8.2,Fair,0,Bachelor,Good,5,No,0.478319783197832,"(20, 25]"
651,S1651,1.0,Female,3.7,1.7,2.3,Yes,57.6,6.2,Good,0,Master,Average,7,No,0.6707317073170733,"(20, 25]"
652,S1652,0.8571428571428572,Female,5.9,4.6,0.9,No,96.9,5.4,Good,4,Bachelor,Average,10,No,1.0,"(20, 25]"
653,S1653,0.5714285714285716,Female,4.8,2.1,1.9,No,100.0,6.8,Fair,1,High School,Good,8,No,0.7642276422764227,"(20, 25]"
654,S1654,0.7142857142857144,Female,3.1,4.7,0.4,No,79.5,6.2,Good,4,Master,Good,9,No,0.6138211382113823,"(20, 25]"
655,S1655,0.5714285714285716,Female,2.2,3.5,0.0,No,82.5,5.1,Poor,0,Bachelor,Average,7,No,0.42547425474254746,"(20, 25]"
656,S1656,0.8571428571428572,Male,0.3,3.1,1.4,Yes,77.5,8.3,Good,3,Bachelor,Good,5,No,0.1341463414634147,"(20, 25]"
657,S1657,0.2857142857142856,Female,2.4,2.9,1.7,No,88.8,5.8,Fair,1,Bachelor,Average,9,Yes,0.5582655826558267,"(15, 20]"
658,S1658,0.4285714285714284,Female,3.2,3.0,1.4,Yes,96.2,4.3,Good,3,Master,Good,8,No,0.6585365853658536,"(15, 20]"
659,S1659,0.1428571428571428,Male,2.0,0.2,0.5,No,67.6,8.1,Good,4,Bachelor,Average,10,Yes,0.6422764227642277,"(15, 20]"
660,S1660,1.0,Female,3.3,2.2,1.4,No,89.1,5.9,Good,2,High School,Good,9,Yes,0.7222222222222223,"(20, 25]"
661,S1661,0.2857142857142856,Male,3.6,3.5,2.1,No,82.2,5.8,Good,3,Bachelor,Poor,10,No,0.491869918699187,"(15, 20]"
662,S1662,0.5714285714285716,Male,3.2,2.4,1.8,No,86.1,4.4,Fair,4,,Average,8,Yes,0.6788617886178863,"(20, 25]"
663,S1663,0.7142857142857144,Female,2.5,0.8,2.0,No,89.6,8.6,Fair,4,High School,Good,6,No,0.6693766937669376,"(20, 25]"
664,S1664,0.0,Male,3.8,2.4,1.1,No,83.1,5.0,Fair,4,High School,Good,4,No,0.5176151761517616,"(15, 20]"
665,S1665,0.5714285714285716,Female,4.2,4.5,3.1,No,84.0,6.6,Good,2,High School,Average,9,No,0.6653116531165311,"(20, 25]"
666,S1666,0.7142857142857144,Female,1.9,4.0,0.5,Yes,82.9,7.6,Good,2,,Average,9,Yes,0.3279132791327914,"(20, 25]"
667,S1667,0.4285714285714284,Female,5.6,2.4,2.3,No,94.7,7.0,Fair,6,High School,Average,10,Yes,1.0,"(15, 20]"
668,S1668,0.5714285714285716,Male,3.4,3.6,3.1,No,89.2,6.4,Good,2,Bachelor,Good,10,No,0.6802168021680217,"(20, 25]"
669,S1669,0.8571428571428572,Male,3.5,2.1,2.3,No,87.2,4.5,Good,1,Bachelor,Good,9,No,0.5921409214092141,"(20, 25]"
670,S1670,0.0,Female,4.6,0.5,1.6,No,72.3,5.5,Good,2,Master,Good,10,Yes,0.8495934959349594,"(15, 20]"
671,S1671,0.7142857142857144,Other,3.8,1.4,1.2,No,81.2,6.7,Good,2,High School,Average,3,Yes,0.5989159891598916,"(20, 25]"
672,S1672,0.7142857142857144,Female,4.9,4.4,2.9,No,94.0,5.6,Fair,2,Bachelor,Good,3,No,0.5853658536585367,"(20, 25]"
673,S1673,0.7142857142857144,Male,3.9,2.2,0.2,No,85.4,6.7,Poor,3,Master,Average,6,Yes,0.7953929539295395,"(20, 25]"
674,S1674,0.4285714285714284,Female,2.6,2.2,0.7,No,91.6,7.3,Poor,2,High School,Poor,6,No,0.5067750677506775,"(15, 20]"
675,S1675,0.5714285714285716,Female,4.0,2.1,1.4,No,100.0,7.7,Fair,1,Bachelor,Good,6,No,0.7588075880758809,"(20, 25]"
676,S1676,0.4285714285714284,Female,1.8,4.8,3.2,No,95.4,5.0,Good,4,Bachelor,Good,5,No,0.15176151761517614,"(15, 20]"
677,S1677,1.0,Male,3.7,4.5,2.2,No,85.9,9.1,Good,3,,Good,5,No,0.6449864498644986,"(20, 25]"
678,S1678,0.1428571428571428,Female,3.5,5.2,0.7,Yes,79.9,7.4,Good,0,Master,Good,2,Yes,0.36856368563685643,"(15, 20]"
679,S1679,0.1428571428571428,Female,3.2,2.3,1.5,No,59.5,6.5,Good,2,Bachelor,Good,7,No,0.5149051490514907,"(15, 20]"
680,S1680,1.0,Other,3.3,2.9,1.1,No,83.3,7.8,Poor,6,,Good,4,No,0.5989159891598916,"(20, 25]"
681,S1681,0.5714285714285716,Male,0.7,0.7,1.0,No,81.7,9.3,Poor,6,,Average,3,No,0.34281842818428193,"(20, 25]"
682,S1682,0.8571428571428572,Female,2.7,4.3,2.9,No,88.9,4.8,Poor,4,,Average,8,No,0.36856368563685643,"(20, 25]"
683,S1683,0.4285714285714284,Female,3.6,1.1,0.3,Yes,83.5,6.2,Fair,4,High School,Good,4,No,0.6910569105691058,"(15, 20]"
684,S1684,0.0,Male,3.7,2.8,3.6,No,81.8,3.6,Fair,3,Bachelor,Good,4,Yes,0.45528455284552843,"(15, 20]"
685,S1685,0.7142857142857144,Female,2.0,1.2,2.7,No,67.2,6.7,Poor,6,Bachelor,Average,8,No,0.3956639566395664,"(20, 25]"
686,S1686,0.7142857142857144,Female,5.4,1.8,3.0,Yes,75.6,6.9,Fair,0,High School,Average,1,No,0.5921409214092141,"(20, 25]"
687,S1687,0.5714285714285716,Male,2.2,1.5,1.3,Yes,89.8,6.5,Poor,5,Master,Average,9,No,0.6151761517615175,"(20, 25]"
688,S1688,0.8571428571428572,Male,5.0,1.8,1.6,No,100.0,5.7,Good,6,High School,Poor,7,No,0.9037940379403795,"(20, 25]"
689,S1689,0.1428571428571428,Female,4.1,1.9,0.2,No,84.0,4.0,Fair,6,,Good,2,No,0.6260162601626018,"(15, 20]"
690,S1690,0.1428571428571428,Male,2.5,1.8,1.2,Yes,88.3,6.9,Fair,1,High School,Average,6,No,0.6002710027100271,"(15, 20]"
691,S1691,0.7142857142857144,Female,6.2,3.5,2.3,No,94.5,8.2,Fair,5,Bachelor,Good,8,No,1.0,"(20, 25]"
692,S1692,0.5714285714285716,Male,1.7,1.2,3.2,No,76.9,5.8,Good,4,High School,Average,5,Yes,0.15176151761517614,"(20, 25]"
693,S1693,0.4285714285714284,Female,4.9,2.8,0.6,No,88.7,7.0,Fair,5,High School,Average,6,No,0.8468834688346885,"(15, 20]"
694,S1694,0.1428571428571428,Male,5.0,4.0,1.4,No,77.6,4.6,Fair,6,High School,Poor,10,No,0.8455284552845528,"(15, 20]"
695,S1695,0.4285714285714284,Female,2.5,1.9,1.6,No,93.6,7.0,Good,4,Bachelor,Good,8,No,0.5731707317073171,"(15, 20]"
696,S1696,0.8571428571428572,Other,5.6,1.6,0.3,No,86.5,6.0,Fair,5,Master,Good,6,No,1.0,"(20, 25]"
697,S1697,0.1428571428571428,Other,3.1,2.2,2.5,No,88.0,5.6,Good,4,High School,Good,9,No,0.5514905149051492,"(15, 20]"
698,S1698,0.1428571428571428,Female,3.9,3.9,1.0,No,77.2,5.6,Fair,4,High School,Poor,9,No,0.6138211382113823,"(15, 20]"
699,S1699,0.2857142857142856,Male,3.9,2.7,1.6,No,92.1,6.0,Fair,3,Bachelor,Average,9,No,0.6991869918699187,"(15, 20]"
700,S1700,0.1428571428571428,Female,3.3,1.9,1.3,No,100.0,7.0,Poor,0,Bachelor,Poor,6,Yes,0.5623306233062331,"(15, 20]"
701,S1701,1.0,Male,4.7,3.1,0.9,No,74.9,4.9,Good,4,High School,Average,9,Yes,0.9512195121951221,"(20, 25]"
702,S1702,0.0,Male,4.7,1.2,1.8,No,81.6,6.0,Fair,1,Master,Good,3,No,0.7710027100271002,"(15, 20]"
703,S1703,1.0,Male,0.9,3.3,1.6,Yes,87.3,6.5,Poor,6,Bachelor,Good,5,No,0.15853658536585363,"(20, 25]"
704,S1704,0.5714285714285716,Female,5.5,3.0,1.4,No,92.9,5.2,Fair,6,High School,Good,2,Yes,0.6788617886178863,"(20, 25]"
705,S1705,0.5714285714285716,Female,1.0,2.1,1.0,No,79.4,8.7,Fair,1,Bachelor,Average,8,Yes,0.35772357723577247,"(20, 25]"
706,S1706,0.4285714285714284,Female,5.0,1.5,2.2,No,56.7,5.5,Poor,2,Master,Average,4,No,0.7777777777777777,"(15, 20]"
707,S1707,1.0,Male,5.2,1.4,3.6,No,98.6,5.7,Good,4,Bachelor,Average,6,No,0.89159891598916,"(20, 25]"
708,S1708,1.0,Male,1.9,3.1,2.0,No,92.6,5.3,Good,4,,Poor,6,No,0.3658536585365854,"(20, 25]"
709,S1709,1.0,Other,2.9,4.0,2.9,No,67.6,8.7,Poor,4,High School,Good,5,Yes,0.40921409214092147,"(20, 25]"
710,S1710,0.8571428571428572,Male,1.8,1.7,0.3,No,78.9,7.2,Fair,5,High School,Good,1,No,0.43224932249322506,"(20, 25]"
711,S1711,0.1428571428571428,Male,3.2,3.1,2.0,No,100.0,5.4,Good,4,High School,Average,7,No,0.6056910569105693,"(15, 20]"
712,S1712,0.0,Male,3.0,0.0,0.6,Yes,99.5,7.8,Fair,4,Bachelor,Average,10,No,0.9823848238482387,"(15, 20]"
713,S1713,0.4285714285714284,Female,4.7,1.8,0.2,Yes,94.4,6.7,Fair,1,Bachelor,Good,8,No,0.7737127371273713,"(15, 20]"
714,S1714,1.0,Female,5.5,2.5,1.0,No,83.2,6.8,Fair,0,Bachelor,Good,1,Yes,0.7371273712737128,"(20, 25]"
715,S1715,1.0,Male,5.6,1.4,3.1,No,85.8,6.1,Good,0,Master,Good,10,No,0.8821138211382114,"(20, 25]"
716,S1716,0.2857142857142856,Male,2.7,1.4,2.8,No,83.7,5.6,Good,2,High School,Average,7,Yes,0.505420054200542,"(15, 20]"
717,S1717,0.4285714285714284,Female,3.2,1.7,2.1,Yes,96.3,6.9,Good,1,Master,Average,4,Yes,0.5433604336043361,"(15, 20]"
718,S1718,1.0,Female,1.0,2.9,0.1,No,76.2,5.8,Poor,4,Bachelor,Good,6,No,0.3211382113821139,"(20, 25]"
719,S1719,0.4285714285714284,Male,2.3,2.3,1.6,Yes,76.9,8.7,Fair,0,High School,Good,9,No,0.5785907859078592,"(15, 20]"
720,S1720,0.1428571428571428,Female,4.9,0.0,2.1,Yes,95.1,5.0,Good,3,Bachelor,Average,5,No,0.921409214092141,"(15, 20]"
721,S1721,0.2857142857142856,Male,5.9,0.0,2.0,Yes,84.6,8.3,Poor,3,High School,Good,8,No,1.0,"(15, 20]"
722,S1722,0.4285714285714284,Male,1.6,1.8,0.0,No,98.8,6.4,Good,3,Bachelor,Good,5,No,0.43902439024390255,"(15, 20]"
723,S1723,0.0,Female,2.6,3.0,0.8,No,78.3,6.9,Good,4,Bachelor,Average,2,No,0.3658536585365854,"(15, 20]"
724,S1724,0.0,Male,3.5,0.0,1.7,No,84.5,7.5,Poor,4,High School,Average,4,Yes,0.6002710027100271,"(15, 20]"
725,S1725,0.5714285714285716,Female,3.9,1.9,2.4,No,75.8,5.7,Good,2,Bachelor,Average,2,No,0.5121951219512195,"(20, 25]"
726,S1726,0.2857142857142856,Male,2.3,1.9,0.0,Yes,85.1,7.5,Fair,6,Bachelor,Poor,7,Yes,0.6937669376693767,"(15, 20]"
727,S1727,0.2857142857142856,Male,4.1,4.2,1.6,No,70.2,3.3,Good,2,High School,Good,7,No,0.42276422764227645,"(15, 20]"
728,S1728,0.5714285714285716,Other,2.8,2.0,2.0,No,80.1,5.6,Fair,2,,Average,3,Yes,0.456639566395664,"(20, 25]"
729,S1729,0.4285714285714284,Male,3.5,3.0,2.7,No,70.6,5.4,Fair,5,High School,Good,7,No,0.5487804878048781,"(15, 20]"
730,S1730,0.2857142857142856,Female,4.3,2.7,2.6,Yes,91.9,5.0,Good,3,Bachelor,Good,1,No,0.43631436314363153,"(15, 20]"
731,S1731,0.0,Male,3.5,0.0,2.4,No,92.2,6.2,Good,4,Master,Poor,1,No,0.5067750677506775,"(15, 20]"
732,S1732,0.0,Male,2.8,3.4,0.9,No,67.7,7.0,Poor,3,Master,Average,9,No,0.49322493224932257,"(15, 20]"
733,S1733,1.0,Male,3.3,2.8,0.0,No,98.3,7.3,Fair,2,Bachelor,Good,6,No,0.6016260162601625,"(20, 25]"
734,S1734,0.1428571428571428,Female,3.4,3.1,1.4,No,100.0,6.8,Poor,4,Bachelor,Good,5,No,0.6639566395663956,"(15, 20]"
735,S1735,0.2857142857142856,Male,2.9,7.2,2.9,Yes,85.5,5.7,Fair,1,High School,Good,6,No,0.3238482384823849,"(15, 20]"
736,S1736,0.4285714285714284,Female,3.1,0.0,3.3,No,78.6,6.9,Fair,0,Bachelor,Average,6,No,0.6314363143631436,"(15, 20]"
737,S1737,0.5714285714285716,Male,5.9,4.6,2.6,Yes,100.0,6.6,Fair,0,High School,Average,1,Yes,0.6300813008130082,"(20, 25]"
738,S1738,0.5714285714285716,Other,4.3,2.2,2.3,No,71.8,7.6,Fair,2,High School,Good,5,Yes,0.6747967479674797,"(20, 25]"
739,S1739,0.4285714285714284,Male,3.1,2.8,2.2,No,85.2,7.4,Poor,6,Bachelor,Good,9,Yes,0.6490514905149052,"(15, 20]"
740,S1740,0.8571428571428572,Female,4.5,2.4,1.2,Yes,86.8,6.5,Poor,3,,Average,4,Yes,0.7154471544715448,"(20, 25]"
741,S1741,0.7142857142857144,Female,3.0,2.0,1.7,No,98.5,5.4,Poor,1,Bachelor,Good,3,No,0.3401084010840108,"(20, 25]"
742,S1742,0.1428571428571428,Female,5.3,1.8,3.6,No,88.6,5.7,Fair,4,Bachelor,Average,1,Yes,0.6070460704607046,"(15, 20]"
743,S1743,0.5714285714285716,Female,4.1,2.9,0.8,Yes,80.0,5.8,Good,6,High School,Good,2,Yes,0.6802168021680217,"(20, 25]"
744,S1744,0.2857142857142856,Female,3.3,0.7,3.6,No,75.5,6.1,Poor,3,High School,Good,3,Yes,0.35772357723577247,"(15, 20]"
745,S1745,0.1428571428571428,Female,4.2,3.4,1.4,No,81.6,6.8,Good,2,Master,Average,4,No,0.6476964769647697,"(15, 20]"
746,S1746,0.2857142857142856,Male,1.1,2.0,3.3,No,74.9,7.4,Good,3,Bachelor,Good,7,No,0.22222222222222227,"(15, 20]"
747,S1747,0.8571428571428572,Male,1.8,1.1,0.3,No,85.5,6.4,Good,2,High School,Average,6,No,0.31978319783197834,"(20, 25]"
748,S1748,0.0,Female,1.7,2.0,2.4,No,79.4,6.5,Good,5,High School,Average,8,No,0.26422764227642287,"(15, 20]"
749,S1749,0.1428571428571428,Female,3.7,4.0,1.0,No,70.1,6.7,Good,0,Bachelor,Poor,9,Yes,0.6910569105691058,"(15, 20]"
750,S1750,1.0,Female,6.1,1.9,0.2,No,97.6,5.9,Poor,6,Bachelor,Poor,6,No,0.9796747967479675,"(20, 25]"
751,S1751,0.5714285714285716,Female,6.8,2.9,2.0,No,80.0,5.4,Fair,0,High School,Average,7,No,0.948509485094851,"(20, 25]"
752,S1752,0.1428571428571428,Male,4.5,1.6,2.9,Yes,72.3,4.4,Good,3,High School,Good,4,Yes,0.6111111111111112,"(15, 20]"
753,S1753,0.1428571428571428,Male,4.3,3.4,0.9,No,83.3,5.7,Fair,1,Master,Good,2,No,0.4471544715447155,"(15, 20]"
754,S1754,0.1428571428571428,Female,0.8,3.3,0.2,No,85.7,7.1,Good,4,Bachelor,Poor,9,No,0.3468834688346884,"(15, 20]"
755,S1755,0.7142857142857144,Male,2.7,4.7,1.7,Yes,67.5,5.7,Poor,2,Master,Good,9,No,0.44850948509485095,"(20, 25]"
756,S1756,0.1428571428571428,Male,2.3,2.3,1.7,No,88.3,6.2,Good,4,Bachelor,Good,4,No,0.437669376693767,"(15, 20]"
757,S1757,0.2857142857142856,Female,2.6,3.3,2.4,No,74.5,7.1,Fair,0,Master,Good,3,Yes,0.24796747967479676,"(15, 20]"
758,S1758,0.0,Male,3.2,2.6,2.8,No,100.0,7.1,Fair,1,High School,Good,10,Yes,0.6666666666666667,"(15, 20]"
759,S1759,0.8571428571428572,Female,2.8,4.1,1.7,Yes,90.2,5.2,Fair,1,Bachelor,Average,6,Yes,0.3888888888888889,"(20, 25]"
760,S1760,0.4285714285714284,Male,0.5,1.6,3.8,Yes,81.0,7.7,Good,4,,Average,3,Yes,0.05420054200542007,"(15, 20]"
761,S1761,0.1428571428571428,Female,4.6,3.4,2.0,No,77.5,7.9,Good,0,Bachelor,Good,1,Yes,0.6178861788617886,"(15, 20]"
762,S1762,0.5714285714285716,Male,1.9,2.3,1.4,No,84.0,5.1,Fair,4,High School,Poor,4,No,0.3468834688346884,"(20, 25]"
763,S1763,0.1428571428571428,Male,3.9,2.4,0.0,Yes,91.1,5.5,Good,3,High School,Poor,1,Yes,0.45121951219512196,"(15, 20]"
764,S1764,0.5714285714285716,Male,6.6,2.6,1.5,No,84.7,7.9,Fair,1,Master,Poor,2,No,0.9539295392953928,"(20, 25]"
765,S1765,0.2857142857142856,Male,2.1,2.8,1.4,Yes,82.8,6.3,Poor,1,Master,Average,3,No,0.24254742547425484,"(15, 20]"
766,S1766,0.5714285714285716,Male,0.0,2.4,2.9,No,85.6,3.8,Poor,3,,Average,8,No,0.0582655826558266,"(20, 25]"
767,S1767,1.0,Male,3.1,2.8,2.3,No,79.0,4.8,Poor,0,Bachelor,Average,10,No,0.5081300813008132,"(20, 25]"
768,S1768,0.4285714285714284,Female,5.2,4.4,0.5,No,81.6,6.2,Fair,1,High School,Poor,4,No,0.6476964769647697,"(15, 20]"
769,S1769,0.0,Male,6.4,3.7,2.0,No,64.1,5.1,Fair,6,High School,Good,4,No,0.9837398373983739,"(15, 20]"
770,S1770,0.5714285714285716,Female,1.7,3.5,2.5,No,94.7,6.0,Good,5,Bachelor,Good,10,No,0.3631436314363144,"(20, 25]"
771,S1771,0.5714285714285716,Female,4.2,2.0,3.5,No,88.0,6.5,Good,5,High School,Average,9,No,0.7913279132791327,"(20, 25]"
772,S1772,0.0,Female,2.8,1.4,2.8,No,77.3,8.3,Poor,5,Master,Poor,7,No,0.6341463414634148,"(15, 20]"
773,S1773,0.4285714285714284,Male,3.3,3.6,2.6,No,100.0,6.2,Fair,2,High School,Poor,2,Yes,0.41869918699187,"(15, 20]"
774,S1774,0.1428571428571428,Female,7.5,3.6,1.9,Yes,85.9,7.8,Fair,6,Bachelor,Average,3,No,1.0,"(15, 20]"
775,S1775,0.5714285714285716,Male,1.2,4.3,2.2,No,74.6,8.2,Fair,2,Bachelor,Average,4,No,0.1355013550135502,"(20, 25]"
776,S1776,0.0,Male,3.9,1.8,3.2,No,93.6,8.2,Poor,0,High School,Average,4,No,0.5338753387533874,"(15, 20]"
777,S1777,1.0,Other,4.2,2.2,0.3,Yes,89.0,6.8,Poor,3,High School,Good,10,Yes,0.8306233062330624,"(20, 25]"
778,S1778,1.0,Male,5.1,0.5,1.4,No,88.9,4.1,Good,4,Bachelor,Average,8,No,1.0,"(20, 25]"
779,S1779,0.2857142857142856,Female,3.6,2.0,1.0,Yes,80.7,7.1,Good,6,Bachelor,Average,10,No,0.8048780487804879,"(15, 20]"
780,S1780,0.0,Female,4.0,3.7,2.2,No,89.5,7.8,Poor,0,High School,Average,10,Yes,0.8563685636856371,"(15, 20]"
781,S1781,0.2857142857142856,Female,2.9,1.9,3.2,No,82.4,6.4,Fair,4,Bachelor,Good,6,No,0.5514905149051492,"(15, 20]"
782,S1782,1.0,Female,3.9,3.3,1.1,Yes,90.6,8.6,Fair,0,,Good,3,No,0.40379403794037944,"(20, 25]"
783,S1783,0.4285714285714284,Male,3.0,2.3,0.0,No,66.0,7.5,Good,2,High School,Good,9,No,0.7005420054200544,"(15, 20]"
784,S1784,0.1428571428571428,Male,4.4,2.9,1.3,No,80.7,7.2,Fair,5,High School,Good,10,No,0.8821138211382114,"(15, 20]"
785,S1785,0.0,Female,2.9,1.1,2.8,No,100.0,7.8,Poor,3,,Average,8,No,0.5718157181571817,"(15, 20]"
786,S1786,0.8571428571428572,Male,4.1,2.6,2.4,No,77.3,6.9,Good,2,Bachelor,Average,9,No,0.8008130081300813,"(20, 25]"
787,S1787,1.0,Male,3.5,0.0,2.3,No,79.0,3.5,Fair,3,Bachelor,Good,5,Yes,0.5176151761517616,"(20, 25]"
788,S1788,1.0,Male,5.2,2.3,1.5,No,80.5,5.9,Fair,6,Master,Poor,3,No,0.7669376693766938,"(20, 25]"
789,S1789,0.8571428571428572,Male,3.4,0.5,0.4,No,72.9,7.9,Fair,4,Bachelor,Good,4,No,0.7018970189701896,"(20, 25]"
790,S1790,0.7142857142857144,Male,0.8,3.9,2.4,No,62.9,5.5,Fair,0,Master,Good,5,No,0.07181571815718163,"(20, 25]"
791,S1791,1.0,Male,5.4,3.4,0.9,No,82.7,6.2,Fair,1,Bachelor,Good,9,No,0.8956639566395663,"(20, 25]"
792,S1792,0.5714285714285716,Female,2.1,3.1,4.2,No,86.4,5.2,Fair,1,Bachelor,Poor,9,Yes,0.3238482384823849,"(20, 25]"
793,S1793,0.4285714285714284,Female,2.5,4.3,2.4,No,84.5,8.6,Fair,3,Master,Good,3,No,0.3143631436314363,"(15, 20]"
794,S1794,0.0,Female,2.6,1.4,1.2,No,83.6,8.5,Poor,5,Bachelor,Average,7,No,0.7330623306233062,"(15, 20]"
795,S1795,0.8571428571428572,Male,5.6,4.6,1.1,No,85.4,5.4,Good,5,,Poor,6,Yes,0.8604336043360434,"(20, 25]"
796,S1796,0.5714285714285716,Male,0.3,3.6,1.7,No,95.2,6.7,Poor,3,Bachelor,Average,4,Yes,0.10027100271002715,"(20, 25]"
797,S1797,0.8571428571428572,Male,8.2,2.2,1.5,No,83.1,5.7,Poor,2,Master,Good,5,Yes,1.0,"(20, 25]"
798,S1798,0.0,Female,5.1,3.9,3.0,No,79.3,7.2,Good,1,Bachelor,Average,10,No,0.8726287262872627,"(15, 20]"
799,S1799,0.2857142857142856,Female,3.8,1.2,2.0,No,82.2,7.1,Good,2,Bachelor,Average,2,Yes,0.5433604336043361,"(15, 20]"
800,S1800,0.0,Male,3.4,1.5,1.0,No,90.8,7.5,Good,4,Bachelor,Poor,7,Yes,0.8116531165311653,"(15, 20]"
801,S1801,0.7142857142857144,Female,3.9,1.8,3.9,No,99.1,6.9,Fair,1,Master,Good,4,No,0.5325203252032522,"(20, 25]"
802,S1802,0.0,Male,4.3,1.9,1.9,No,78.7,10.0,Fair,4,,Good,2,No,0.7682926829268293,"(15, 20]"
803,S1803,0.0,Female,4.5,1.2,2.6,No,86.0,5.3,Good,0,Bachelor,Good,6,Yes,0.6788617886178863,"(15, 20]"
804,S1804,0.7142857142857144,Female,4.3,4.0,1.1,Yes,88.4,4.4,Good,2,High School,Average,2,Yes,0.4444444444444445,"(20, 25]"
805,S1805,0.4285714285714284,Female,3.6,2.2,2.2,No,75.1,6.0,Fair,3,Bachelor,Average,10,Yes,0.6761517615176151,"(15, 20]"
806,S1806,1.0,Female,3.2,2.9,2.1,No,85.2,4.6,Good,1,Bachelor,Good,2,Yes,0.19105691056910573,"(20, 25]"
807,S1807,0.0,Female,3.3,1.8,0.0,No,70.3,4.7,Poor,2,High School,Average,7,Yes,0.5284552845528456,"(15, 20]"
808,S1808,0.7142857142857144,Male,3.2,0.3,4.0,Yes,67.3,5.3,Good,3,High School,Good,1,No,0.23983739837398382,"(20, 25]"
809,S1809,0.5714285714285716,Female,5.2,2.8,3.2,No,88.7,5.4,Good,0,Bachelor,Good,7,Yes,0.8577235772357723,"(20, 25]"
810,S1810,0.2857142857142856,Male,4.4,0.2,1.4,No,81.2,5.4,Good,1,High School,Average,10,No,0.7384823848238482,"(15, 20]"
811,S1811,0.2857142857142856,Female,0.0,2.4,0.6,Yes,87.0,7.1,Good,4,High School,Average,5,No,0.3631436314363144,"(15, 20]"
812,S1812,0.0,Female,4.5,0.9,2.2,No,84.8,5.9,Good,0,Bachelor,Good,1,No,0.6016260162601625,"(15, 20]"
813,S1813,0.4285714285714284,Female,3.8,4.9,1.9,No,75.2,6.3,Poor,5,High School,Average,6,No,0.5325203252032522,"(15, 20]"
814,S1814,0.4285714285714284,Male,3.5,3.6,2.2,No,84.5,7.6,Fair,3,High School,Average,7,No,0.6626016260162602,"(15, 20]"
815,S1815,0.5714285714285716,Female,2.9,2.6,2.0,No,72.7,5.6,Poor,1,Master,Good,1,No,0.2344173441734418,"(20, 25]"
816,S1816,0.0,Female,5.2,4.0,2.4,No,98.9,6.2,Fair,1,High School,Average,9,No,0.7371273712737128,"(15, 20]"
817,S1817,0.2857142857142856,Female,4.9,1.5,3.4,No,71.4,6.9,Good,6,High School,Good,7,Yes,0.840108401084011,"(15, 20]"
818,S1818,0.4285714285714284,Male,2.3,3.2,2.4,No,83.0,4.2,Fair,6,Bachelor,Poor,1,Yes,0.3021680216802169,"(15, 20]"
819,S1819,0.0,Male,4.1,2.7,0.6,No,74.6,3.6,Fair,0,Bachelor,Good,3,No,0.556910569105691,"(15, 20]"
820,S1820,0.8571428571428572,Male,2.0,2.8,3.3,No,90.7,6.9,Fair,1,Master,Poor,5,No,0.331978319783198,"(20, 25]"
821,S1821,0.4285714285714284,Male,1.4,4.0,3.6,No,81.7,7.1,Good,3,Master,Poor,4,No,0.12466124661246614,"(15, 20]"
822,S1822,0.7142857142857144,Female,2.6,3.4,5.3,No,79.8,9.0,Poor,0,Bachelor,Good,2,No,0.31029810298102983,"(20, 25]"
823,S1823,0.8571428571428572,Male,4.8,2.8,0.6,No,93.5,6.7,Fair,4,High School,Good,1,No,0.802168021680217,"(20, 25]"
824,S1824,1.0,Other,4.9,0.5,2.1,No,85.3,7.5,Poor,0,,Average,4,No,0.7818428184281845,"(20, 25]"
825,S1825,0.4285714285714284,Male,4.3,1.3,0.0,Yes,90.2,6.3,Good,0,High School,Average,7,No,0.869918699186992,"(15, 20]"
826,S1826,0.2857142857142856,Male,4.6,2.4,2.4,No,75.2,6.9,Poor,4,High School,Good,4,No,0.8346883468834689,"(15, 20]"
827,S1827,0.1428571428571428,Female,4.3,2.6,1.2,No,71.0,8.5,Good,5,Bachelor,Average,9,No,0.8306233062330624,"(15, 20]"
828,S1828,0.8571428571428572,Female,2.5,1.1,3.9,No,86.1,4.0,Fair,6,Bachelor,Good,8,No,0.4336043360433605,"(20, 25]"
829,S1829,1.0,Female,4.1,5.4,0.9,No,81.8,7.0,Poor,3,,Good,8,Yes,0.6368563685636857,"(20, 25]"
830,S1830,0.5714285714285716,Female,4.7,4.3,0.0,No,91.3,9.1,Good,5,Bachelor,Good,5,No,0.7764227642276422,"(20, 25]"
831,S1831,0.5714285714285716,Female,4.6,3.2,1.3,No,84.2,6.8,Poor,5,High School,Average,1,Yes,0.6964769647696476,"(20, 25]"
832,S1832,0.2857142857142856,Male,5.3,2.6,0.0,Yes,87.1,8.5,Fair,5,High School,Average,9,Yes,0.9783197831978321,"(15, 20]"
833,S1833,0.4285714285714284,Other,4.6,2.2,2.6,No,68.8,5.7,Poor,6,Bachelor,Good,2,No,0.7086720867208671,"(15, 20]"
834,S1834,0.0,Other,4.0,1.4,0.0,Yes,100.0,6.5,Fair,2,High School,Poor,6,Yes,0.7439024390243902,"(15, 20]"
835,S1835,0.4285714285714284,Female,5.1,2.6,1.8,No,83.4,6.5,Fair,6,High School,Average,10,No,1.0,"(15, 20]"
836,S1836,0.2857142857142856,Male,3.5,2.8,0.0,No,92.0,3.8,Fair,5,,Poor,5,Yes,0.440379403794038,"(15, 20]"
837,S1837,0.5714285714285716,Female,2.2,1.0,1.4,No,76.6,5.1,Poor,2,High School,Poor,10,No,0.49322493224932257,"(20, 25]"
838,S1838,0.4285714285714284,Male,3.3,2.9,3.6,No,88.1,5.2,Fair,4,Bachelor,Average,8,Yes,0.46205962059620603,"(15, 20]"
839,S1839,0.5714285714285716,Male,2.4,2.3,2.2,No,72.0,7.5,Good,6,Master,Average,3,No,0.5108401084010841,"(20, 25]"
840,S1840,0.8571428571428572,Male,2.5,0.2,0.9,Yes,89.5,7.5,Good,3,High School,Good,6,Yes,0.7289972899728998,"(20, 25]"
841,S1841,1.0,Male,3.3,1.5,1.8,Yes,81.4,6.9,Fair,5,High School,Average,6,No,0.49322493224932257,"(20, 25]"
842,S1842,0.0,Female,2.3,2.0,1.8,No,85.3,7.5,Fair,1,Bachelor,Average,10,No,0.6124661246612468,"(15, 20]"
843,S1843,0.8571428571428572,Female,3.0,4.8,2.3,Yes,92.0,6.3,Fair,4,Master,Poor,3,No,0.4661246612466125,"(20, 25]"
844,S1844,0.5714285714285716,Female,0.7,3.2,0.3,Yes,72.7,7.9,Fair,2,High School,Good,7,Yes,0.28455284552845533,"(20, 25]"
845,S1845,0.5714285714285716,Male,3.8,0.9,2.5,No,78.2,6.5,Poor,6,High School,Average,4,Yes,0.7032520325203251,"(20, 25]"
846,S1846,0.1428571428571428,Male,3.5,3.1,0.0,No,89.6,6.6,Fair,3,Bachelor,Good,5,Yes,0.6680216802168022,"(15, 20]"
847,S1847,0.1428571428571428,Male,2.3,0.6,1.1,No,100.0,6.2,Fair,0,Bachelor,Good,9,No,0.6409214092140922,"(15, 20]"
848,S1848,0.8571428571428572,Other,4.5,3.8,1.3,No,83.6,7.3,Fair,3,High School,Poor,6,No,0.6558265582655827,"(20, 25]"
849,S1849,0.7142857142857144,Male,4.9,1.9,2.5,No,90.9,6.0,Fair,3,Bachelor,Average,10,No,0.9823848238482387,"(20, 25]"
850,S1850,0.8571428571428572,Female,1.1,2.4,1.8,No,83.9,7.7,Good,5,High School,Average,4,Yes,0.3116531165311654,"(20, 25]"
851,S1851,0.1428571428571428,Female,2.4,4.1,0.3,No,100.0,5.1,Poor,5,Bachelor,Good,8,No,0.5582655826558267,"(15, 20]"
852,S1852,0.5714285714285716,Male,2.3,1.0,0.7,No,67.5,5.2,Good,6,Bachelor,Good,9,No,0.6273712737127373,"(20, 25]"
853,S1853,0.2857142857142856,Female,2.1,0.8,2.0,No,85.9,7.3,Good,6,Master,Good,10,Yes,0.5718157181571817,"(15, 20]"
854,S1854,0.8571428571428572,Female,4.7,1.8,1.7,No,68.7,6.4,Fair,2,High School,Average,5,No,0.5934959349593496,"(20, 25]"
855,S1855,0.5714285714285716,Female,3.2,3.7,1.2,No,59.9,6.0,Fair,6,High School,Good,2,No,0.405149051490515,"(20, 25]"
856,S1856,0.2857142857142856,Female,3.1,0.7,1.3,Yes,88.0,7.6,Fair,2,High School,Poor,6,Yes,0.7493224932249323,"(15, 20]"
857,S1857,0.2857142857142856,Male,0.5,0.0,2.6,Yes,86.4,5.8,Poor,5,Master,Poor,8,Yes,0.25474254742547425,"(15, 20]"
858,S1858,0.1428571428571428,Male,4.5,2.0,1.2,Yes,82.2,6.3,Fair,5,High School,Good,5,Yes,0.788617886178862,"(15, 20]"
859,S1859,0.8571428571428572,Female,1.6,3.2,1.7,No,83.9,8.2,Good,1,High School,Good,1,No,0.14363143631436315,"(20, 25]"
860,S1860,0.4285714285714284,Female,3.6,3.9,4.2,No,100.0,8.3,Poor,1,High School,Poor,8,Yes,0.5338753387533874,"(15, 20]"
861,S1861,0.0,Male,3.9,1.9,0.2,No,82.4,8.4,Fair,4,Bachelor,Poor,9,Yes,0.9119241192411924,"(15, 20]"
862,S1862,0.1428571428571428,Female,5.5,2.0,0.0,No,90.1,6.2,Good,5,High School,Poor,1,No,0.9146341463414636,"(15, 20]"
863,S1863,0.1428571428571428,Female,1.5,3.9,2.7,No,78.5,8.0,Good,0,High School,Poor,8,Yes,0.21815718157181568,"(15, 20]"
864,S1864,0.4285714285714284,Female,0.0,0.3,1.1,Yes,88.0,5.4,Fair,1,High School,Average,10,Yes,0.36720867208672087,"(15, 20]"
865,S1865,0.0,Male,3.8,2.0,1.4,No,82.6,5.4,Good,2,Master,Good,2,No,0.5379403794037942,"(15, 20]"
866,S1866,0.5714285714285716,Female,6.2,2.7,0.9,No,80.9,3.7,Fair,3,Bachelor,Good,4,Yes,0.8360433604336044,"(20, 25]"
867,S1867,0.7142857142857144,Female,5.4,3.0,1.5,No,100.0,8.5,Poor,6,Bachelor,Good,2,No,0.9254742547425474,"(20, 25]"
868,S1868,0.8571428571428572,Male,3.8,1.9,3.6,No,96.8,5.5,Fair,6,Master,Good,2,No,0.6991869918699187,"(20, 25]"
869,S1869,0.7142857142857144,Male,2.8,2.5,2.7,Yes,86.4,6.3,Fair,4,Master,Average,10,No,0.6558265582655827,"(20, 25]"
870,S1870,0.5714285714285716,Other,4.7,0.0,2.7,Yes,62.0,5.4,Good,1,High School,Good,3,No,0.5596205962059622,"(20, 25]"
871,S1871,1.0,Male,2.0,1.7,0.2,Yes,81.4,7.3,Poor,3,Master,Good,8,Yes,0.5460704607046072,"(20, 25]"
872,S1872,0.1428571428571428,Female,4.2,3.0,0.5,No,100.0,6.0,Fair,3,,Average,4,No,0.7073170731707319,"(15, 20]"
873,S1873,0.0,Female,4.3,1.3,0.0,No,82.7,4.9,Fair,1,High School,Good,7,No,0.7953929539295395,"(15, 20]"
874,S1874,0.1428571428571428,Male,5.1,2.6,0.9,No,96.0,7.0,Fair,0,Master,Average,10,No,0.9539295392953928,"(15, 20]"
875,S1875,0.2857142857142856,Female,7.6,3.0,2.9,No,99.4,4.8,Poor,0,High School,Good,3,No,1.0,"(15, 20]"
876,S1876,0.1428571428571428,Male,4.1,2.1,2.4,No,87.2,5.5,Fair,4,High School,Good,10,No,0.7710027100271002,"(15, 20]"
877,S1877,0.1428571428571428,Female,2.7,2.7,1.6,No,76.6,4.0,Good,0,High School,Average,3,No,0.14498644986449866,"(15, 20]"
878,S1878,0.5714285714285716,Male,3.5,1.3,1.8,Yes,60.6,4.8,Fair,4,Bachelor,Good,2,No,0.45799457994579956,"(20, 25]"
879,S1879,0.5714285714285716,Female,0.8,2.3,1.0,No,91.8,6.7,Fair,2,High School,Poor,6,No,0.24525745257452575,"(20, 25]"
880,S1880,0.5714285714285716,Male,2.5,3.2,2.0,No,76.9,4.1,Fair,1,Bachelor,Good,6,No,0.2086720867208673,"(20, 25]"
881,S1881,0.7142857142857144,Male,2.9,2.7,2.6,Yes,86.8,4.7,Fair,3,Master,Average,1,No,0.26151761517615185,"(20, 25]"
882,S1882,0.2857142857142856,Other,2.7,1.8,0.0,No,72.5,6.5,Fair,4,Bachelor,Poor,7,No,0.5691056910569108,"(15, 20]"
883,S1883,1.0,Male,3.7,2.8,2.1,No,82.3,5.8,Good,6,High School,Average,4,No,0.6680216802168022,"(20, 25]"
884,S1884,1.0,Female,2.3,3.4,2.8,No,85.3,8.9,Good,0,Master,Good,3,No,0.19918699186991867,"(20, 25]"
885,S1885,0.5714285714285716,Male,5.2,0.0,1.3,No,87.7,8.7,Fair,6,High School,Poor,8,No,1.0,"(20, 25]"
886,S1886,0.0,Female,3.5,3.9,2.6,No,73.9,5.5,Fair,4,High School,Good,2,Yes,0.5338753387533874,"(15, 20]"
887,S1887,0.7142857142857144,Male,3.5,2.1,4.9,No,97.0,7.2,Good,5,,Poor,9,No,0.6734417344173442,"(20, 25]"
888,S1888,0.4285714285714284,Other,3.0,3.0,1.7,Yes,79.0,7.4,Fair,4,Bachelor,Good,8,Yes,0.5907859078590787,"(15, 20]"
889,S1889,0.0,Male,3.7,3.9,2.2,Yes,68.3,5.8,Fair,0,High School,Good,8,No,0.5474254742547426,"(15, 20]"
890,S1890,0.8571428571428572,Male,4.7,0.9,1.0,Yes,83.9,4.7,Fair,5,High School,Average,3,No,0.7899728997289974,"(20, 25]"
891,S1891,0.8571428571428572,Male,2.2,1.6,2.0,Yes,85.3,6.5,Good,5,High School,Average,4,Yes,0.5338753387533874,"(20, 25]"
892,S1892,0.0,Male,2.5,2.2,2.3,No,86.6,6.3,Fair,0,High School,Good,2,No,0.2791327913279133,"(15, 20]"
893,S1893,0.5714285714285716,Female,3.0,1.6,2.0,No,98.6,6.0,Good,5,Bachelor,Good,2,No,0.5623306233062331,"(20, 25]"
894,S1894,0.4285714285714284,Male,1.5,4.6,0.7,Yes,82.6,7.0,Good,1,Bachelor,Good,4,Yes,0.2601626016260163,"(15, 20]"
895,S1895,0.4285714285714284,Female,2.3,1.5,2.0,No,83.8,5.6,Fair,3,Bachelor,Average,6,No,0.4173441734417345,"(15, 20]"
896,S1896,0.7142857142857144,Male,2.8,1.8,3.4,Yes,74.0,5.1,Good,6,High School,Average,5,No,0.43631436314363153,"(20, 25]"
897,S1897,0.4285714285714284,Male,4.8,2.7,2.3,No,93.2,6.6,Good,1,High School,Good,1,Yes,0.6043360433604337,"(15, 20]"
898,S1898,0.8571428571428572,Female,3.9,1.1,2.9,No,86.8,7.0,Fair,1,Master,Average,10,No,0.6707317073170733,"(20, 25]"
899,S1899,0.2857142857142856,Female,3.8,2.0,1.5,No,80.8,5.1,Poor,0,,Average,1,No,0.39972899728997296,"(15, 20]"
900,S1900,0.5714285714285716,Male,4.8,2.9,2.6,No,66.0,7.6,Poor,0,Master,Average,6,Yes,0.7574525745257452,"(20, 25]"
901,S1901,0.4285714285714284,Male,3.3,2.1,2.1,No,99.4,4.4,Fair,6,High School,Good,3,Yes,0.6124661246612468,"(15, 20]"
902,S1902,0.7142857142857144,Male,4.1,2.4,0.8,No,72.7,5.8,Fair,3,Master,Good,3,No,0.5487804878048781,"(20, 25]"
903,S1903,0.8571428571428572,Female,3.3,1.9,2.2,No,79.1,6.2,Fair,4,High School,Average,7,No,0.6056910569105693,"(20, 25]"
904,S1904,0.2857142857142856,Female,3.9,0.7,0.7,Yes,88.6,5.7,Poor,1,High School,Poor,1,Yes,0.6341463414634148,"(15, 20]"
905,S1905,0.1428571428571428,Male,2.6,2.9,1.1,Yes,73.0,5.8,Good,5,Bachelor,Poor,1,Yes,0.3753387533875339,"(15, 20]"
906,S1906,0.1428571428571428,Female,0.0,4.6,2.0,Yes,70.1,8.7,Fair,3,Bachelor,Average,10,No,0.23306233062330622,"(15, 20]"
907,S1907,0.2857142857142856,Female,3.3,2.5,2.1,No,63.8,5.5,Fair,1,High School,Average,3,No,0.3956639566395664,"(15, 20]"
908,S1908,0.8571428571428572,Female,5.6,2.8,0.5,Yes,92.2,9.4,Fair,4,Bachelor,Good,8,No,1.0,"(20, 25]"
909,S1909,0.7142857142857144,Female,4.9,3.3,3.0,No,79.5,7.0,Fair,5,Bachelor,Average,1,No,0.6178861788617886,"(20, 25]"
910,S1910,0.2857142857142856,Male,4.9,1.0,2.4,No,100.0,6.6,Fair,1,,Average,10,No,0.853658536585366,"(15, 20]"
911,S1911,0.5714285714285716,Male,5.4,4.5,1.0,No,75.1,7.1,Fair,2,,Good,4,No,0.7818428184281845,"(20, 25]"
912,S1912,0.5714285714285716,Male,3.6,2.7,0.1,No,75.8,9.5,Poor,6,High School,Average,9,No,0.8523035230352303,"(20, 25]"
913,S1913,0.1428571428571428,Male,3.8,4.5,1.6,Yes,79.3,5.3,Good,3,High School,Good,4,No,0.3699186991869919,"(15, 20]"
914,S1914,0.4285714285714284,Female,2.6,1.6,1.3,Yes,87.4,5.2,Good,6,Bachelor,Poor,10,No,0.6327913279132793,"(15, 20]"
915,S1915,0.7142857142857144,Female,3.0,4.7,1.9,No,80.3,5.6,Fair,0,High School,Average,8,No,0.47154471544715454,"(20, 25]"
916,S1916,0.1428571428571428,Male,4.4,3.4,1.4,No,91.1,6.5,Good,1,High School,Good,7,No,0.5813008130081301,"(15, 20]"
917,S1917,0.4285714285714284,Male,5.3,3.2,0.0,No,75.2,4.4,Good,5,High School,Good,3,No,0.6910569105691058,"(15, 20]"
918,S1918,0.4285714285714284,Male,3.3,2.8,1.4,Yes,71.2,6.5,Poor,5,Bachelor,Average,7,No,0.6192411924119243,"(15, 20]"
919,S1919,1.0,Female,2.8,2.2,1.5,No,67.0,8.5,Good,3,High School,Good,7,Yes,0.6571815718157181,"(20, 25]"
920,S1920,0.5714285714285716,Male,3.5,3.9,2.5,Yes,62.8,6.7,Good,3,,Good,10,No,0.6544715447154472,"(20, 25]"
921,S1921,0.8571428571428572,Female,4.4,2.7,1.0,No,79.8,6.1,Fair,6,,Average,3,No,0.802168021680217,"(20, 25]"
922,S1922,0.0,Male,1.3,0.1,3.6,No,82.0,5.8,Poor,5,Master,Average,2,Yes,0.24525745257452575,"(15, 20]"
923,S1923,0.8571428571428572,Male,0.1,1.2,0.0,No,78.7,7.6,Poor,5,High School,Good,9,No,0.36856368563685643,"(20, 25]"
924,S1924,0.0,Other,2.7,2.3,3.2,Yes,97.4,5.5,Poor,5,Bachelor,Average,1,Yes,0.42276422764227645,"(15, 20]"
925,S1925,0.2857142857142856,Other,1.7,2.9,1.6,Yes,97.3,8.7,Good,1,,Good,7,No,0.37127371273712745,"(15, 20]"
926,S1926,0.5714285714285716,Male,2.7,2.4,2.7,No,81.7,8.8,Fair,5,High School,Good,4,Yes,0.44173441734417346,"(20, 25]"
927,S1927,0.4285714285714284,Female,3.3,4.0,1.9,No,67.1,6.8,Good,0,Bachelor,Good,2,No,0.2344173441734418,"(15, 20]"
928,S1928,0.7142857142857144,Female,2.8,0.2,3.1,No,79.3,6.5,Good,5,High School,Average,2,No,0.5338753387533874,"(20, 25]"
929,S1929,0.0,Female,5.7,2.7,1.4,No,79.0,7.7,Good,0,Master,Average,8,Yes,0.8617886178861789,"(15, 20]"
930,S1930,0.8571428571428572,Male,4.0,0.3,0.6,No,78.4,7.8,Good,1,Master,Good,7,No,0.8577235772357723,"(20, 25]"
931,S1931,0.4285714285714284,Female,4.0,3.4,3.4,Yes,78.0,5.5,Poor,3,Bachelor,Average,7,Yes,0.5772357723577237,"(15, 20]"
932,S1932,0.0,Female,4.4,2.4,1.7,No,78.5,5.9,Fair,0,Bachelor,Average,5,No,0.6856368563685638,"(15, 20]"
933,S1933,0.0,Female,1.8,3.0,2.0,No,81.1,4.9,Good,1,High School,Average,10,No,0.2886178861788618,"(15, 20]"
934,S1934,1.0,Male,5.1,1.5,3.2,No,78.6,7.0,Poor,5,High School,Poor,8,Yes,0.8550135501355014,"(20, 25]"
935,S1935,0.0,Male,3.4,4.0,0.7,Yes,87.1,7.3,Poor,1,Master,Good,2,No,0.4850948509485095,"(15, 20]"
936,S1936,0.7142857142857144,Male,4.5,3.8,2.5,No,88.6,4.9,Good,5,Bachelor,Average,2,Yes,0.5406504065040649,"(20, 25]"
937,S1937,0.5714285714285716,Female,1.9,3.2,1.2,No,75.9,6.0,Good,6,Bachelor,Good,5,No,0.21002710027100274,"(20, 25]"
938,S1938,0.7142857142857144,Male,1.2,2.3,1.7,No,97.7,4.9,Fair,1,High School,Poor,1,No,0.024390243902439046,"(20, 25]"
939,S1939,0.1428571428571428,Female,4.7,3.2,1.9,No,75.2,5.4,Good,3,,Good,6,No,0.6070460704607046,"(15, 20]"
940,S1940,0.4285714285714284,Other,4.1,1.7,0.1,Yes,68.8,7.2,Good,0,Master,Average,4,No,0.5596205962059622,"(15, 20]"
941,S1941,0.5714285714285716,Male,2.1,3.5,0.9,No,88.8,5.6,Fair,6,High School,Good,6,No,0.5040650406504066,"(20, 25]"
942,S1942,1.0,Female,2.2,4.5,3.3,No,76.8,6.1,Poor,3,High School,Good,7,No,0.3252032520325204,"(20, 25]"
943,S1943,0.5714285714285716,Male,5.2,3.8,2.8,No,88.2,4.5,Good,2,High School,Poor,3,No,0.6205962059620598,"(20, 25]"
944,S1944,0.5714285714285716,Female,1.7,1.6,1.7,No,61.0,6.7,Fair,5,Bachelor,Good,8,Yes,0.5650406504065042,"(20, 25]"
945,S1945,0.8571428571428572,Male,6.0,2.9,2.1,Yes,98.9,6.4,Poor,0,,Average,7,No,1.0,"(20, 25]"
946,S1946,0.5714285714285716,Female,2.1,0.9,1.5,No,91.7,5.6,Fair,3,Bachelor,Good,1,Yes,0.39024390243902446,"(20, 25]"
947,S1947,1.0,Female,4.5,3.2,3.3,Yes,70.0,6.3,Good,0,High School,Good,6,Yes,0.456639566395664,"(20, 25]"
948,S1948,0.7142857142857144,Female,3.0,3.0,1.6,No,70.2,6.7,Fair,2,Master,Good,7,No,0.5013550135501357,"(20, 25]"
949,S1949,0.5714285714285716,Female,4.4,0.3,2.1,No,100.0,5.5,Fair,4,Bachelor,Good,4,No,0.7899728997289974,"(20, 25]"
950,S1950,0.2857142857142856,Female,2.7,1.1,3.1,No,77.6,4.7,Fair,5,High School,Average,2,No,0.3333333333333333,"(15, 20]"
951,S1951,0.4285714285714284,Female,3.3,2.2,0.9,No,76.7,8.7,Good,5,Bachelor,Poor,10,No,0.9186991869918699,"(15, 20]"
952,S1952,0.5714285714285716,Female,3.6,2.1,3.5,Yes,62.3,5.7,Poor,1,High School,Average,9,No,0.5338753387533874,"(20, 25]"
953,S1953,0.4285714285714284,Female,2.0,1.0,0.1,No,81.5,6.4,Fair,5,High School,Average,7,No,0.48102981029810304,"(15, 20]"
954,S1954,0.2857142857142856,Male,4.6,3.0,3.6,No,82.7,7.7,Good,5,Master,Good,1,Yes,0.5392953929539297,"(15, 20]"
955,S1955,0.2857142857142856,Female,2.7,2.8,1.4,Yes,92.2,10.0,Poor,3,High School,Average,8,No,0.8224932249322494,"(15, 20]"
956,S1956,0.4285714285714284,Female,3.2,2.3,1.5,No,71.0,5.0,Good,6,High School,Good,3,No,0.4525745257452575,"(15, 20]"
957,S1957,0.0,Female,2.0,1.6,0.0,No,69.8,7.0,Good,5,High School,Average,4,No,0.31029810298102983,"(15, 20]"
958,S1958,0.1428571428571428,Male,0.0,3.8,1.3,Yes,89.5,5.7,Good,5,High School,Average,5,No,0.06639566395663965,"(15, 20]"
959,S1959,0.8571428571428572,Female,3.2,4.5,0.7,No,95.1,5.9,Fair,2,Master,Good,1,No,0.26422764227642287,"(20, 25]"
960,S1960,0.0,Male,7.1,1.9,1.1,Yes,69.3,5.6,Good,6,High School,Average,6,No,1.0,"(15, 20]"
961,S1961,0.0,Female,4.7,1.8,1.6,No,95.8,5.1,Good,2,Master,Good,10,No,0.7439024390243902,"(15, 20]"
962,S1962,0.7142857142857144,Male,3.5,3.1,2.9,Yes,85.4,6.5,Good,0,Master,Average,6,No,0.39159891598916,"(20, 25]"
963,S1963,0.8571428571428572,Female,3.1,2.1,2.0,No,95.9,4.7,Poor,0,High School,Good,2,No,0.36720867208672087,"(20, 25]"
964,S1964,0.8571428571428572,Other,3.5,2.3,2.1,No,84.3,7.6,Good,5,High School,Poor,10,Yes,0.8523035230352303,"(20, 25]"
965,S1965,0.0,Male,4.3,3.4,0.6,No,59.8,6.6,Fair,5,Master,Average,6,Yes,0.6924119241192412,"(15, 20]"
966,S1966,0.5714285714285716,Other,1.7,0.2,0.8,No,83.5,7.0,Poor,1,High School,Good,8,Yes,0.40921409214092147,"(20, 25]"
967,S1967,0.7142857142857144,Male,5.2,4.1,3.8,No,95.6,5.9,Fair,0,,Good,6,No,0.6761517615176151,"(20, 25]"
968,S1968,0.7142857142857144,Female,4.6,2.6,1.0,No,76.1,6.1,Good,3,High School,Average,4,No,0.6558265582655827,"(20, 25]"
969,S1969,0.2857142857142856,Female,4.6,2.0,3.6,Yes,81.1,6.8,Fair,5,Bachelor,Average,4,No,0.7696476964769647,"(15, 20]"
970,S1970,1.0,Female,4.2,2.4,1.5,No,83.2,5.1,Fair,3,Bachelor,Average,9,Yes,0.8089430894308944,"(20, 25]"
971,S1971,0.8571428571428572,Female,3.5,2.5,1.8,No,56.0,6.1,Good,5,High School,Average,6,No,0.518970189701897,"(20, 25]"
972,S1972,0.0,Female,4.5,0.4,3.0,No,100.0,5.5,Fair,3,High School,Good,8,No,0.8902439024390245,"(15, 20]"
973,S1973,0.2857142857142856,Male,4.4,4.3,3.2,No,76.0,5.4,Good,4,Master,Good,8,No,0.6558265582655827,"(15, 20]"
974,S1974,0.4285714285714284,Male,3.0,2.5,1.7,No,90.1,4.0,Fair,3,Bachelor,Poor,7,No,0.6056910569105693,"(15, 20]"
975,S1975,0.1428571428571428,Female,2.6,3.0,1.4,No,84.1,8.1,Fair,6,Bachelor,Average,3,No,0.5487804878048781,"(15, 20]"
976,S1976,1.0,Female,3.7,3.6,1.7,No,97.6,5.7,Good,0,Bachelor,Good,10,Yes,0.6937669376693767,"(20, 25]"
977,S1977,1.0,Female,5.8,1.3,2.2,Yes,89.1,7.9,Good,5,High School,Average,1,Yes,0.986449864498645,"(20, 25]"
978,S1978,1.0,Female,1.6,3.1,2.8,No,82.7,7.8,Fair,0,Bachelor,Good,5,Yes,0.2344173441734418,"(20, 25]"
979,S1979,0.7142857142857144,Male,1.3,2.2,1.8,No,76.1,5.0,Good,6,High School,Poor,10,No,0.36856368563685643,"(20, 25]"
980,S1980,0.4285714285714284,Female,3.7,3.5,2.5,No,93.0,5.2,Poor,6,High School,Good,10,Yes,0.7425474254742548,"(15, 20]"
981,S1981,1.0,Male,3.6,0.0,3.6,No,66.3,9.6,Fair,3,Bachelor,Average,2,No,0.5420054200542006,"(20, 25]"
982,S1982,0.4285714285714284,Female,3.8,2.4,2.2,Yes,91.5,8.6,Fair,2,High School,Good,10,No,0.8373983739837398,"(15, 20]"
983,S1983,0.5714285714285716,Male,3.9,1.8,2.1,No,74.0,6.5,Poor,2,Master,Average,2,No,0.5176151761517616,"(20, 25]"
984,S1984,1.0,Male,3.2,3.0,0.1,No,97.5,6.8,Fair,6,High School,Average,7,No,0.7615176151761518,"(20, 25]"
985,S1985,0.1428571428571428,Male,5.7,3.1,0.0,Yes,86.6,5.7,Fair,2,Master,Good,3,Yes,0.7411924119241193,"(15, 20]"
986,S1986,0.4285714285714284,Male,1.1,1.7,2.2,No,91.4,7.0,Poor,5,Master,Poor,8,No,0.4525745257452575,"(15, 20]"
987,S1987,0.4285714285714284,Female,2.3,1.6,1.7,Yes,85.8,5.6,Fair,1,High School,Average,9,No,0.40650406504065045,"(15, 20]"
988,S1988,0.1428571428571428,Male,3.3,2.4,1.2,No,67.5,4.1,Fair,4,Bachelor,Average,8,Yes,0.6273712737127373,"(15, 20]"
989,S1989,1.0,Male,1.0,1.4,2.1,Yes,76.4,4.9,Fair,3,High School,Average,6,No,0.28997289972899737,"(20, 25]"
990,S1990,0.1428571428571428,Male,3.2,3.5,1.7,No,91.7,6.5,Good,1,Master,Good,5,No,0.5067750677506775,"(15, 20]"
991,S1991,0.4285714285714284,Male,6.0,2.1,3.0,No,86.7,5.1,Good,2,High School,Good,3,No,0.8008130081300813,"(15, 20]"
992,S1992,0.1428571428571428,Male,3.5,0.0,1.9,No,96.8,6.4,Fair,3,Bachelor,Poor,3,No,0.6178861788617886,"(15, 20]"
993,S1993,0.4285714285714284,Male,3.8,2.1,1.0,No,89.0,5.2,Good,1,High School,Good,7,No,0.6056910569105693,"(15, 20]"
994,S1994,0.4285714285714284,Female,1.6,1.3,2.9,No,75.3,5.6,Good,0,High School,Average,5,No,0.21002710027100274,"(15, 20]"
995,S1995,0.5714285714285716,Female,2.6,0.5,1.6,No,77.0,7.5,Fair,2,High School,Good,6,Yes,0.6761517615176151,"(20, 25]"
996,S1996,0.0,Female,2.9,1.0,2.4,Yes,86.0,6.8,Poor,1,High School,Average,6,Yes,0.5379403794037942,"(15, 20]"
997,S1997,0.4285714285714284,Male,3.0,2.6,1.3,No,61.9,6.5,Good,5,Bachelor,Good,9,Yes,0.5176151761517616,"(15, 20]"
998,S1998,1.0,Male,5.4,4.1,1.1,Yes,100.0,7.6,Fair,0,Bachelor,Average,1,No,0.5894308943089432,"(20, 25]"
999,S1999,0.2857142857142856,Female,4.3,2.9,1.9,No,89.4,7.1,Good,2,Bachelor,Average,8,No,0.6598915989159893,"(15, 20]"
